Date,Type,Location,Reason for Stop,Dispostion,"Search
Conducted?",Tow?,Race,Sex,Age,Ofc. Race,Ofc. Sex
1/9/2019,Traffic Stop,Aldermand Rd/McCorimick,Defective Equipment,Warning,No,No,W,F,52,B,M
1/9/2019,Traffic Stop,Rugby Rd. at Culbreth rd.,Stop Sign Violation,Warning,No,No,W,M,22,W,M
1/10/2019,Traffic Stop,Ivy Rd,Fail to obey light,Warning,No,No,W,M,54,W,M
1/10/2019,Traffic Stop,Ivy Rd,Speeding,Warning,No,No,O,M,51,W,M
1/12/2019,Traffic Stop,University and Rugby Rd.,Wrong way-one way,Warning,No,No,W,M,23,W,M
1/14/2019,Traffic Stop,University at McCormick,Illegal left turn,Warning,No,No,B,F,21,W,M
1/14/2019,Traffic Stop,914 Emmet St.,Improper Lane Change,Warning,No,No,W,M,52,W,M
1/15/2019,Traffic Stop,Culbreth at University,Defective Equipment,Warning,No,No,B,M,21,W,M
1/15/2019,Traffic Stop,975 N Emmet St.,No Headlights,Warning,No,No,W,M,25,W,M
1/15/2019,Traffic Stop,2200 Ivy Rd.,Passing in an intersection,Warning,No,No,W,F,48,W,M
1/16/2019,Traffic Stop,440 McCormick Rd.,No Headlights,Warning,No,No,W,M,21,W,M
1/16/2019,Traffic Stop,UVA Cemetery,No Headlights,Warning,No,No,W,M,47,W,M
1/16/2019,Traffic Stop,450 Rugby Rd.,Defective Equipment,Warning,No,No,W,M,30,W,M
1/16/2019,Traffic Stop,Newcomb Rd. at University,No Headlights,Warning,No,No,W,M,22,W,M
1/16/2019,Traffic Stop,Ivy Rd. at 250 Bypass,Weaving out of lane,Warning,No,No,W,M,79,W,M
1/16/2019,Traffic Stop,2304 Ivy Rd.,Speeding (55/35),Warning,No,No,W,F,unk,W,M
1/16/2019,Traffic Stop,Snyder Tennis Courts,Illegal left turn,Warning,No,No,A,M,unk,W,F
1/16/2019,Traffic Stop,Snyder Tennis Courts,Illegal left turn,Warning,No,No,W,F,unk,W,F
1/17/2019,Traffic Stop,440 McCormick Rd.,Illegal right turn on red,Warning,No,No,W,F,23,W,M
1/17/2019,Traffic Stop,291 McCormick Rd.,Illegal left turn,Warning,No,No,A,M,20,W,M
1/17/2019,Traffic Stop,Massie Rd at Faulkner Way,Fail to obey sign,Warning,No,No,W,F,29,W,M
1/17/2019,Traffic Stop,Massie Rd. at Emmet St,Fail to yeild,Warning,No,No,A,M,54,W,M
1/18/2019,Traffic Stop,Chancellor at Madison Ln,Fail to obey sign,Warning,No,No,W,F,18,W,M
1/19/2019,Traffic Stop,Minor Rd at Alderman,Illegal Left,Warning,No,No,A,F,20,W,M
1/20/2019,Traffic Stop,Lee St. at 11th St,Fail to obey sign,Warning,No,No,W,M,27,B,M
1/20/2019,Traffic Stop,440 McCormick Rd.,Speeding (33/15),Warning,No,No,W,M,19,W,M
1/21/2019,Traffic Stop,Alderman Rd.,Defective Equipment,Warning,No,No,W,M,20,W,M
1/21/2019,Traffic Stop,JPA at Ruppel,Expired Registration,Warning,No,No,W,M,20,B,M
1/21/2019,Traffic Stop,Alderman at Pratt Dr,Defective Equipment,Warning,No,No,A,F,27,W,M
1/22/2019,Traffic Stop,Rugby Rd. at University,No turn  on red,Warning,No,No,B,F,34,B,M
1/22/2019,Traffic Stop,1407 University Ave,Illegal U-Turn,Warning,No,No,W,F,22,W,F
1/23/2019,Traffic Stop,Arlington at Massie Rd,Fail to obey sign,Warning,No,No,W,F,36,W,M
1/23/2019,Traffic Stop,Dell Courts,No Headlights,Warning,No,No,W,F,22,W,M
1/23/2019,Traffic Stop,145 McCormick Rd,Fail to obey sign,Warning,No,No,W,M,47,W,M
1/24/2019,Traffic Stop,450 Whitehead Rd,License Plate Violation,Warning,No,No,A,F,30,W,M
1/24/2019,Traffic Stop,Hancock Dr at McCormick Rd,Passing on double yellow,Warning,No,No,W,M,21,B,M
1/24/2019,Traffic Stop,14th St NW at Wertland,No right on red,Warning,No,No,A,M,18,B,M
1/25/2019,Traffic Stop,140 Emmet St N,No Headlights,Warning,No,No,A,F,32,W,M
Date,Type,Location,Reason for Stop,Dispostion,"Search
Conducted?",Tow?,Race,Sex,Age,Ofc. Race,Ofc. Sex
1/25/2019,Traffic Stop,Alderman at Treehouse,Registration Violation,Warning,No,No,W,M,18,W,M
1/25/2019,Traffic Stop,525 McCormick Rd,Fail to obey sign,Warning,No,No,A,F,50,W,M
1/26/2019,Traffic Stop,University Ave at Newcomb,No Headlights,Warning,No,No,B,F,24,W,M
1/26/2019,Traffic Stop,300 Alderman Rd,Expired Registration,Warning,No,No,A,F,25,W,M
1/26/2019,Traffic Stop,2117 Ivy Rd,Expired Registration,Warning,No,No,W,F,28,W,M
1/26/2019,Traffic Stop,Emmet St at Sprigg Ln,Fail to obey sign,Warning,No,No,W,M,21,B,M
1/26/2019,Traffic Stop,W. Main St at JPA,Speeding,Warning,No,No,W,F,24,W,M
1/26/2019,Traffic Stop,McCormick at Hancock,Speeding (30/15),Warning,No,No,W,M,32,W,M
1/26/2019,Traffic Stop,Emmet St at Massie Rd,No rear lights,Warning,No,No,W,M,19,W,M
1/26/2019,Traffic Stop,1619 University Ave,Expired Registration,Warning,No,No,W,F,20,B,M
1/27/2019,Traffic Stop,400 McCormick Rd,Expired Registration,Warning,No,No,A,F,19,W,M
1/27/2019,Traffic Stop,Sprigg Ln at Emmet St,Fail to obey light,Warning,No,No,W,M,20,W,M
1/27/2019,Traffic Stop,Sprigg Ln at Emmet St,Fail to obey light,Warning,No,No,B,F,20,W,M
1/27/2019,Traffic Stop,14th St NW at Wertland,Stopping in lane of travel,Warning,No,No,B,F,22,W,M
1/28/2019,Traffic Stop,382 McCormick Rd,No registration displayed,Warning,No,No,W,F,19,W,M
1/28/2019,Traffic Stop,1001 Emmet St N,Speeding (48/35),Warning,No,No,W,M,17,W,M
1/28/2019,Traffic Stop,93 Amphitheater Way,Moped driving on sidewalk,Warning,No,No,W,M,19,W,M
1/28/2019,Traffic Stop,Rugby Rd at Gordon Ave,Expired Inspection,Warning,No,No,W,F,28,B,M
1/29/2019,Traffic Stop,1415 University Ave,No Headlights,Warning,No,No,W,M,81,W,M
1/30/2019,Traffic Stop,Weedon House,Fail to obey sign,Warning,No,No,W,F,55,W,M
1/30/2019,Traffic Stop,Slaughter Rec,Expired Registration,Warning,No,No,W,F,19,W,M
1/31/2019,Traffic Stop,Emmet St at Massie Rd,Defective Equipment,Warning,No,No,W,M,18,W,M
1/31/2019,Traffic Stop,2201 Ivy Rd,No registration displayed,Warning,No,No,A,F,36,W,M
1/31/2019,Traffic Stop,McCormick at Newcomb,Fail to obey sign,Warning,No,No,A,M,21,W,M
2/1/2019,Traffic Stop,Copeley Rd at Massie Rd,Defective Equipment,Warning,No,No,A,M,23,W,M
2/1/2019,Traffic Stop,1335 Lee St,Illegal Left Turn,Warning,No,No,A,F,22,W,M
2/1/2019,Traffic Stop,University Ave at 14th St,Expired Registration,Warning,No,No,W,F,27,W,M
2/1/2019,Traffic Stop,University at McCormick,Illegal Left Turn,Warning,No,No,W,M,41,W,M
2/1/2019,Traffic Stop,Thomson Rd at Emmet St,Defective Equipment,Warning,No,No,W,F,22,W,M
2/1/2019,Traffic Stop,675 Reservoir Rd,Fail to obey sign,Warning,No,No,A,M,63,W,M
2/2/2019,Traffic Stop,1619 University Ave,Expired Registration,Warning,No,No,W,M,61,W,M
2/2/2019,Traffic Stop,Roosevelt Brown & 9th St,Red light violaiton,Warning,No,No,B,M,55,W,M
2/2/2019,Traffic Stop,Central Gounds Garage,Fail to obey sign,Warning,No,No,B,M,34,W,M
2/2/2019,Traffic Stop,2474 Old Ivy Rd,Speeding,Warning,No,No,A,M,22,W,M
2/3/2019,Traffic Stop,2117 Ivy Rd,No helmet riding moped,Warning,No,No,W,M,20,W,M
2/3/2019,Traffic Stop,University Ave at Hospital Dr,Obstructing Traffic,Warning,No,No,B,M,45,W,M
2/3/2019,Traffic Stop,Ivy Rd,Use of red light in vehicle,Warning,No,No,O,M,41,W,M
2/3/2019,Traffic Stop,Rugby at University,Fail to obay light,Warning,No,No,W,F,35,W,M
2/4/2019,Traffic Stop,Lambeth Commons,Expired Registration,Warning,No,No,W,M,29,W,M
Date,Type,Location,Reason for Stop,Dispostion,"Search
Conducted?",Tow?,Race,Sex,Age,Ofc. Race,Ofc. Sex
2/4/2019,Traffic Stop,JPA at Kent Terr,No Headlights,Warning,No,No,A,M,22,W,M
2/5/2019,Traffic Stop,Culbreth Rd,Fail to obey sign,Warning,No,No,W,M,27,W,M
2/5/2019,Traffic Stop,Arlington Blvd at Massie Rd,Fail to obey sign,Warning,No,No,W,F,27,W,M
2/5/2019,Traffic Stop,Ivy Rd,No tags/lights on trailer,Warning,No,No,W,M,35,W,M
2/5/2019,Traffic Stop,Alderman Rd,Expired Registration,Warning,No,No,W,M,64,B,M
2/5/2019,Traffic Stop,Alderman Rd,No Headlights,Warning,No,No,B,F,40,W,M
2/6/2019,Traffic Stop,Ern Commons,No registration displayed,Warning,No,No,W,M,19,W,M
2/6/2019,Traffic Stop,Massie Rd at Nash,Failure to yield,Warning,No,No,W,M,36,W,F
2/7/2019,Traffic Stop,Emmet St at University,No Headlights,Warning,No,No,W,F,25,W,M
2/7/2019,Traffic Stop,Emmet St at Arlington,Expired Registration,Warning,No,No,W,M,27,W,M
2/7/2019,Traffic Stop,14th St at W. Main,Fail to obey light,Warning,No,No,O,M,21,W,M
2/7/2019,Traffic Stop,100 Elliewood Rd,Drive wrong way-one way,Warning,No,No,W,F,22,W,M
2/7/2019,Traffic Stop,W. Main St,Failure to maintain lane,Warning,No,No,W,M,50,W,M
2/7/2019,Traffic Stop,Ivy Rd at Rothery,Fail to obey ligjht,Warning,No,No,H,M,62,W,M
2/8/2019,Traffic Stop,235 McCormick Rd,Illegal Left Turn,Warning,No,No,W,M,19,W,M
2/8/2019,Traffic Stop,Rugby at Gordon Ave,Fail to obey sign,Warning,No,No,W,M,56,W,M
2/8/2019,Traffic Stop,Grady at 15th St NW,Fail to maintain lane,Warning,No,No,B,M,54,W,M
2/8/2019,Traffic Stop,210 Emmet St,Unlawful turn on red,Warning,No,No,W,M,29,W,M
2/8/2019,Traffic Stop,200 14th St NW,Illegal U-Turn,Warning,No,No,W,M,30,W,M
2/8/2019,Traffic Stop,2100 Ivy Rd,Fail to obey light,Warning,No,No,I,M,16,W,F
2/8/2019,Traffic Stop,Leonard Sandridge Rd,Speeding,Warning,No,No,W,F,40,B,M
2/9/2019,Traffic Stop,Minor Court at University Ave,Wrong way on one way,Warning,No,No,W,M,34,W,M
2/9/2019,Traffic Stop,Massie at Copeley,Fail to obey light,Warning,No,No,I,M,38,W,M
2/9/2019,Traffic Stop,University Ave at Hospital Dr,Fail to obey light,Warning,No,No,W,F,19,W,M
2/9/2019,Traffic Stop,200 Rugby Rd,Improper Display,Warning,No,No,W,M,19,W,M
2/9/2019,Traffic Stop,West Complex,Fail to obey sign,Warning,No,No,W,M,31,W,M
2/9/2019,Traffic Stop,15th St NW at Sadler,Drive wrong way-one way,Warning,No,No,B,M,21,W,M
2/9/2019,Traffic Stop,Copeley Rd,Right turn using bike lane,Warning,No,No,W,F,79,B,M
2/10/2019,Traffic Stop,Chancellor at Madison,Wrong way on one way,Warning,No,No,W,F,46,W,M
2/10/2019,Traffic Stop,Cemetery Rd,Helmet violation,Warning,No,No,W,M,20,W,M
2/10/2019,Traffic Stop,Alderman Rd at Pratt Dr,No Headlights,Warning,No,No,W,F,68,W,M
2/10/2019,Traffic Stop,Alderman Rd,Speeding,Warning,No,No,unk,unk,unk,W,M
2/10/2019,Traffic Stop,W. Main St,No Headlights,Warning,No,No,W,F,20,W,M
2/10/2019,Traffic Stop,University at McCormick,Fail to obey sign,Warning,No,No,W,F,22,W,M
2/10/2019,Traffic Stop,University at McCormick,Fail to obey sign,Warning,No,No,B,M,63,W,M
2/11/2019,Traffic Stop,130 Culbreth Rd,Fail to obay sign,Warning,No,No,W,M,20,W,M
2/12/2019,Traffic Stop,2171 Ivy Rd,No Headlights,Warning,No,No,W,M,20,W,M
2/12/2019,Traffic Stop,530 McCormick Rd,Passing on double yellow,Warning,No,No,W,M,22,W,M
2/13/2019,Traffic Stop,160 McCormick Rd,Improper Stopping,Warning,No,No,B,M,32,B,M
Date,Type,Location,Reason for Stop,Dispostion,"Search
Conducted?",Tow?,Race,Sex,Age,Ofc. Race,Ofc. Sex
2/13/2019,Traffic Stop,235 McCormick Rd,Speeding,Warning,No,No,W,M,19,W,M
2/14/2019,Traffic Stop,University Ave,Avoiding traffic control,Warning,No,No,B,F,38,W,M
2/15/2019,Traffic Stop,160 McCormick Rd,Headlight Out,Warning,No,No,W,F,21,W,M
2/15/2019,Traffic Stop,University Ave,No Headlights,Warning,No,No,W,M,18,W,M
2/16/2019,Traffic Stop,400 Emmet St N,No Headlights,Warning,No,No,W,M,19,W,M
2/17/2019,Traffic Stop,Massie Rd at Farrish Cir,Speeding,Warning,No,No,W,F,19,W,M
2/17/2019,Traffic Stop,1159 Emmet St N,Speeding,Warning,No,No,W,M,67,W,M
2/17/2019,Traffic Stop,Barracks Rd at Millmont,Fail to obey light,Warning,No,No,B,F,26,W,M
2/17/2019,Traffic Stop,University at McCormick,Fail to obey sign,Warning,No,No,W,M,27,W,M
2/18/2019,Traffic Stop,2200 Block Ivy Rd,Expired Registration-valid,Apology,No,No,NA,NA,NA,W,M
2/20/2019,Traffic Stop,McCormick at Monroe Hill,Headlight Out,Warning,No,No,W,M,20,B,M
2/20/2019,Traffic Stop,190 McCormick Rd,No Headlights,Warning,No,No,W,M,25,W,M
2/20/2019,Traffic Stop,1827 University Ave,Improper Stopping,Warning,No,No,B,M,38,W,M
2/21/2019,Traffic Stop,795 Alderman Rd,Improper Stopping,Warning,No,No,B,F,21,W,M
2/21/2019,Traffic Stop,Emmet St at Thompson Rd,Headlight Out,Warning,No,No,W,F,35,B,M
2/21/2019,Traffic Stop,McCormick at Hancock,Headlight Out,Warning,No,No,W,M,52,B,M
2/22/2019,Traffic Stop,735 Alderman Rd,Expired Registration,Warning,No,No,W,F,52,W,M
2/22/2019,Traffic Stop,2171 Ivy Rd,Weaving in lane,Warning,No,No,B,M,63,B,M
2/22/2019,Traffic Stop,Emmet St at Sprigg Ln,Driving left of double yellow,Warning,No,No,W,F,52,W,M
2/22/2019,Traffic Stop,Ivy Rd at Copeley,Expired Registration,Warning,No,No,W,M,20,W,M
2/23/2019,Traffic Stop,10th St NW at Page,No Headlights,Warning,No,No,H,M,19,B,M
2/24/2019,Traffic Stop,14th St at University Ave,No Headlights,Warning,No,No,W,F,46,W,M
2/24/2019,Traffic Stop,JPA at Ruppel Dr,Red light violaiton,Warning,No,No,W,F,49,B,M
2/25/2019,Traffic Stop,Alderman Rd at McCormick,No Headlights,Warning,No,No,W,M,21,W,M
2/26/2019,Traffic Stop,2121 Ivy Rd,No Headlights,Warning,No,No,W,F,30,W,M
2/26/2019,Traffic Stop,JPA at Ruppel Dr,Passing on right-motorcycle,Warning,No,No,W,M,35,W,M
2/27/2019,Traffic Stop,Alderman Rd,Improper Stopping,Warning,No,No,B,M,22,W,M
2/27/2019,Traffic Stop,Alderman Rd,Defective Equipment,Warning,No,No,A,F,22,W,M
2/27/2019,Traffic Stop,Alderman Rd,No Headlights,Warning,No,No,A,M,32,W,M
2/27/2019,Traffic Stop,McCormick Rd at Clark Hall,No Headlights,Warning,No,No,B,F,19,W,M
2/27/2019,Traffic Stop,2121 Ivy Rd,Crossing on double yelllow,Warning,No,No,W,M,75,W,M
2/28/2019,Traffic Stop,JPA at Lee St,No Headlights,Warning,No,No,W,M,18,W,M
2/28/2019,Traffic Stop,W. Main St at 11th St,No right turn on red,Warning,No,No,W,M,53,W,M
2/28/2019,Traffic Stop,McCormick at Garrett Alley,Illegal Left Turn,Warning,No,No,W,M,19,W,M
2/28/2019,Traffic Stop,Culbreth Rd at University,Defective Equipment,Warning,No,No,W,M,22,W,M
3/1/2019,Traffic Stop,Alderman Rd,No Headlights,Warning,No,No,W,M,19,B,M
3/1/2019,Traffic Stop,2101 Arlington Blvd,Fail to obey sign,Warning,No,No,A,M,22,W,M
3/2/2019,Traffic Stop,JPA at Lane Rd,No Headlights,Warning,No,No,A,F,21,W,M
3/2/2019,Traffic Stop,University Ave,No Headlights,Warning,No,No,H,M,43,W,M
Date,Type,Location,Reason for Stop,Dispostion,"Search
Conducted?",Tow?,Race,Sex,Age,Ofc. Race,Ofc. Sex
3/2/2019,Traffic Stop,400 Emmet St S,Registration Violation,Warning,No,No,W,F,20,W,M
3/3/2019,Traffic Stop,Alderman Rd at Floyd,No Headlights,Warning,No,No,B,F,38,W,M
3/4/2019,Traffic Stop,McCormick Rd at Hancock,Improper Stopping,Warning,No,No,B,F,21,W,M
3/4/2019,Traffic Stop,1001 W Main St,Illegal right turn on red,Warning,No,No,A,F,20,W,M
3/4/2019,Traffic Stop,Emmet St at Thompson,Passing on double yellow,Warning,No,No,W,M,59,W,M
3/5/2019,Traffic Stop,210 Emmet St,Expired Registration,Warning,No,No,W,M,45,W,M
3/5/2019,Traffic Stop,Ivy Rd,Fail to obey light,Warning,No,No,W,M,56,W,M
3/5/2019,Traffic Stop,University Ave,Fail to obey sign,Warning,No,No,W,M,64,W,M
3/6/2019,Traffic Stop,University Ave at McCormick,Fail to obey sign,Warning,No,No,W,F,19,W,M
3/7/2019,Traffic Stop,University at Emmet St,No Headlights,Warning,No,No,B,F,19,W,M
3/7/2019,Traffic Stop,Cemetery at Alderman,Defective Equipment,Warning,No,No,W,M,21,W,M
3/7/2019,Traffic Stop,McCormick Rd at University,Illegal stopping on sidewalk,Warning,No,No,W,M,91,W,M
3/7/2019,Traffic Stop,112 11th St,No Headlights,Warning,No,No,B,M,26,W,M
3/7/2019,Traffic Stop,Culbreth at University,Fail to obey sign,Warning,No,No,W,M,18,W,M
3/8/2019,Traffic Stop,Cemetery Dr,No Headlights,Warning,No,No,W,M,40,W,M
3/8/2019,Traffic Stop,McCormick Rd at University,No left where posted,Warning,No,No,W,M,23,W,M
3/8/2019,Traffic Stop,McCormick Rd,No left where posted,Warning,No,No,A,F,21,W,F
3/8/2019,Traffic Stop,McCormick Rd at Physics,No Headlights,Warning,No,No,W,M,19,W,M
3/9/2019,Traffic Stop,400 Emmet St N,No Headlights,Warning,No,No,B,M,32,W,M
3/9/2019,Traffic Stop,1540 JPA,Crossing over line,Warning,No,No,B,M,48,W,M
3/11/2019,Traffic Stop,1300 Blk of JPA,Defective Equipment,Warning,No,No,W,F,57,W,M
3/11/2019,Traffic Stop,JPA at Emmet St,Fail to obey sign,Warning,No,No,W,F,21,B,M
3/11/2019,Traffic Stop,Copeley Rd at Seymore,Fail to obey sign,Warning,No,No,A,M,30,W,M
3/11/2019,Traffic Stop,Arlington at Emmet St,Fail to obey sign,Warning,No,No,W,F,27,W,M
3/13/2019,Traffic Stop,Emmet St at Sprigg Ln,Improper Display,Warning,No,No,W,F,31,W,M
3/14/2019,Traffic Stop,University at 14th St,No Headlights,Warning,No,No,W,F,37,B,M
3/15/2019,Traffic Stop,11th St at Lee St,Right turn on red,Warning,No,No,B,M,22,B,M
3/15/2019,Traffic Stop,Alderman at McCormick,Fail to obey light,Warning,No,No,B,M,32,W,M
3/15/2019,Traffic Stop,1900 University Ave,Brake Light,Warning,No,No,O,M,29,W,M
3/15/2019,Traffic Stop,Ivy Rd at 29 South B,Speeding,Warning,No,No,W,M,30,W,M
3/15/2019,Traffic Stop,Wertland at 14th St,Defective Equipment,Warning,No,No,W,M,22,W,M
3/15/2019,Traffic Stop,Lambeth Ln at Rugby,Defective Equipment,Warning,No,No,W,M,23,W,M
3/16/2019,Traffic Stop,900 Emmet St N,No Headlights,Warning,No,No,B,M,56,B,M
3/16/2019,Traffic Stop,1201 W. Main St,No Headlights,Warning,No,No,W,F,53,W,M
3/17/2019,Traffic Stop,11th St,Expired Registration,Warning,No,No,W,M,29,W,M
3/17/2019,Traffic Stop,1000 Blk Emmet St N,Fail to obey markings,Warning,No,No,W,F,84,W,M
3/17/2019,Traffic Stop,2117 Ivy Rd,Fail to obey light,Warning,No,No,W,F,20,W,M
3/17/2019,Traffic Stop,440 McCormick Rd,Driving w/o helmet,Warning,No,No,W,M,18,W,M
3/17/2019,Traffic Stop,100 Alderman Rd,Fail to yield right away,Warning,No,No,W,M,21,W,M
Date,Type,Location,Reason for Stop,Dispostion,"Search
Conducted?",Tow?,Race,Sex,Age,Ofc. Race,Ofc. Sex
3/19/2019,Traffic Stop,200 Blk Emmet St,No Headlights,Warning,No,No,A,M,18,W,M
3/19/2019,Traffic Stop,Copeley Road,Defective Equipment,Warning,No,No,B,M,22,B,M
3/21/2019,Traffic Stop,301 15th St,Wrong way on one way,Warning,No,No,W,F,21,W,M
3/21/2019,Traffic Stop,Emmet St,No Headlights,Warning,No,No,A,M,21,B,M
3/21/2019,Traffic Stop,1930 Carr's Hill Rd,Passing on Right,Warning,No,No,W,M,37,W,M
3/21/2019,Traffic Stop,Lee St/JPA,Expired Registration,Warning,No,No,W,F,31,W,M
3/22/2019,Traffic Stop,160 McCormick Rd,Fail to obey sign,Warning,No,No,A,M,19,W,M
3/23/2019,Traffic Stop,450 Whitehead Rd,Expired Inspection,Warning,No,No,W,F,23,W,M
3/23/2019,Traffic Stop,Faulkner Way,Fail to obey sign,Warning,No,No,W,M,59,W,M
3/24/2019,Traffic Stop,943 Preston Ave,Drive on wrong side,Warning,No,No,W,F,42,W,M
3/24/2019,Traffic Stop,University at McCormick,Fail to obey sign,Warning,No,No,W,F,20,B,M
3/25/2019,Traffic Stop,Lee St/JPA,Improper Equipment,Warning,No,No,W,F,58,W,M
3/25/2019,Traffic Stop,250 Hereford Dr,Improper Display,Warning,No,No,W,M,18,W,M
3/25/2019,Traffic Stop,Ivy Rd at Copeley,Fail to obey light,Warning,No,No,W,M,35,W,M
3/27/2019,Traffic Stop,Stadium/George Welsh Way,Fail to obey sign,Warning,No,No,W,M,22,W,M
3/28/2019,Traffic Stop,Ivy Rd at Alderman,No right on red light,Warning,No,No,W,M,19,B,M
3/29/2019,Traffic Stop,Lewis Mnt/Emmet St,Fail to obey markings,Warning,No,No,W,M,65,W,M
3/29/2019,Traffic Stop,W. Main at Roosevelt Brown,General Reckless,Warning,No,No,A,M,21,W,M
3/29/2019,Traffic Stop,University at Culbreth,Expired Inspection,Warning,No,No,A,M,20,W,M
3/30/2019,Traffic Stop,University/McCormick,Fail to obey sign,Warning,No,No,W,F,33,W,M
3/30/2019,Traffic Stop,JPA at Oakhurst,Fail yield ROW,Warning,No,No,O,F,20,W,M
3/30/2019,Traffic Stop,102 14th St NW,Fail to obey sign,Warning,No,No,W,M,31,W,M
3/30/2019,Traffic Stop,817 W. Main St,Expired Registration,Warning,No,No,W,M,24,W,M
3/31/2019,Traffic Stop,University/McCormick,Fail to obey sign,Warning,No,No,W,M,25,W,M
3/31/2019,Traffic Stop,Alderman Dorms,Driving on sidewalk,Warning,No,No,W,M,18,W,M
3/31/2019,Traffic Stop,UVA Cemetery,Improper Display,Warning,No,No,B,M,29,W,M
3/31/2019,Traffic Stop,Barracks Rd,Defective Equipment,Warning,No,No,B,M,63,W,M
4/1/2019,Traffic Stop,Lee St,Imroper Display,Warning,No,No,W,M,19,W,M
4/2/2019,Traffic Stop,Emmet St at Massie Rd,No Headlights,Warning,No,No,W,M,21,W,M
4/2/2019,Traffic Stop,2117 Ivy Rd,No Headlights,Warning,No,No,B,F,26,W,M
4/3/2019,Traffic Stop,Treehouse at Alderman,Steady blue lights violation,Warning,No,No,W,F,34,W,M
4/4/2019,Traffic Stop,1619 University Ave,No Headlights,Warning,No,No,W,M,22,W,M
4/4/2019,Traffic Stop,567 McCormick Rd,No License Plate,Warning,No,No,W,M,20,W,M
4/4/2019,Traffic Stop,Alderman Rd,No right on red,Warning,No,No,W,F,42,B,M
4/5/2019,Traffic Stop,145 McCormick Rd,Taillight Out,Warning,No,No,B,F,22,W,M
4/5/2019,Traffic Stop,University Ave,Illegal U-Turn,Warning,No,No,W,M,55,B,M
4/5/2019,Traffic Stop,170 McCormick Rd,Illegal Left turn,Warning,No,No,W,M,19,B,M
4/6/2019,Traffic Stop,Arlington Blvd at Millmont,Expired Registration,Warning,No,No,W,F,35,W,M
4/6/2019,Traffic Stop,Lee St,Defective Taillight,Warning,No,No,W,F,19,W,M
Date,Type,Location,Reason for Stop,Dispostion,"Search
Conducted?",Tow?,Race,Sex,Age,Ofc. Race,Ofc. Sex
4/6/2019,Traffic Stop,Ivy Rd,Fail to yield ROW,Warning,No,No,W,F,41,W,M
4/6/2019,Traffic Stop,McCormick Rd,Improper U-Turn,Warning,No,No,W,M,32,W,M
4/7/2019,Traffic Stop,McCormick Rd at Alderman,Scooter with no tags,Warning,No,No,W,F,18,B,M
4/8/2019,Traffic Stop,Emmet St at Sprigg Ln,No Headlights,Warning,No,No,B,F,22,W,M
4/8/2019,Traffic Stop,Morris at Alderman,No Headlights,Warning,No,No,B,M,24,W,M
4/8/2019,Traffic Stop,McCormick at Alderman,Right turn on red,Fled scene,Plain View Search,APD took ove,B,M,unk,B,M
4/9/2019,Traffic Stop,1401 University Ave,unk,Warning,No,No,unk,unk,unk,W,M
4/9/2019,Traffic Stop,113 Maury Ave,Fail to obey sign,Warning,No,No,W,F,21,W,M
4/10/2019,Traffic Stop,100 Shamrock Rd,Expired Registration,Warning,No,No,W,F,32,W,M
4/11/2019,Traffic Stop,Rugby Rd,No Headlights,Warning,No,No,W,M,19,W,M
4/11/2019,Traffic Stop,Lambeth Commons,No turn on red,Warning,No,No,A,F,20,W,M
4/13/2019,Traffic Stop,795 Alderman Rd,Expired Registration,Warning,No,No,A,F,22,W,M
4/16/2019,Traffic Stop,McCormick Rd,No Headlights,Warning,No,No,W,F,20,B,M
4/16/2019,Traffic Stop,McCormick at Edgemont,Right turn on red,Warning,No,No,W,F,21,W,M
4/17/2019,Traffic Stop,W. Main at JPA,Drive wrong side of road,Warning,No,No,B,M,36,W,M
4/18/2019,Traffic Stop,McCormick Rd at Hereford,No Headlights,Warning,No,No,B,F,40,W,M
4/19/2019,Traffic Stop,530 McCormick Rd,Defective Equipment,Warning,No,No,W,M,48,W,M
4/19/2019,Traffic Stop,10th St NW at Roosevelt,No right on red,Warning,No,No,I,M,30,W,M
4/19/2019,Traffic Stop,University Ave at McCormick,No left turn violation,Warning,No,No,W,M,20,W,M
4/20/2019,Traffic Stop,417 Emmet St S,Expired Registration,Warning,No,No,W,M,56,W,M
4/20/2019,Traffic Stop,Ivy Rd at Cresap,No Headlights,Warning,No,No,W,M,52,W,M
4/20/2019,Traffic Stop,450 Whitehead,No right on red,Warning,No,No,H,M,52,B,M
4/21/2019,Traffic Stop,JPA,Defective Equipment,Warning,No,No,W,F,22,W,M
4/21/2019,Traffic Stop,McCormick/Alderman,No right on red,Warning,No,No,A,F,20,B,M
4/22/2019,Traffic Stop,University at Newcomb,Expired Registration,Warning,No,No,W,F,33,W,M
4/22/2019,Traffic Stop,117 11th St,Expired Inspection,Warning,No,No,W,M,21,W,M
4/22/2019,Traffic Stop,123 Emmet St,Squealing Tires,Warning,No,No,W,M,49,W,M
4/23/2019,Traffic Stop,Crispell at Lane,Fail to obey sign,Warning,No,No,W,M,40,W,M
4/23/2019,Traffic Stop,Crispell at Lane,Fail to obey sign,Warning,No,No,W,F,27,W,M
4/24/2019,Traffic Stop,Emmet at Sprigg,Passing on double line,Warning,No,No,B,M,70,W,M
4/24/2019,Traffic Stop,Alderman at Leake,Trade Dress Violation,Warning,No,No,W,M,28,W,M
4/24/2019,Traffic Stop,Treehouse at Alderman,Expired Inspection,Warning,No,No,W,M,20,B,M
4/25/2019,Traffic Stop,Hancock Dr,No Headlights,Warning,No,No,A,M,23,W,M
4/25/2019,Traffic Stop,1215 Lee St,Defective Equipment,Warning,No,No,B,M,25,W,M
4/25/2019,Traffic Stop,170 McCormick Rd,illegal left turn,Warning,No,No,W,M,70,B,M
4/26/2019,Traffic Stop,2201 Old Ivy Rd,Expired Registration,Warning,No,No,W,F,31,B,M
4/26/2019,Traffic Stop,2014 Lewis Mountain Rd,Brake light,Warning,No,No,W,F,53,W,M
4/26/2019,Traffic Stop,530 McCormick Rd,No Headlights/odor of Marijuan,Warning,Yes,No,B,F,17,W,M
4/27/2019,Traffic Stop,1935 Arlington Blvd,Fail to obey sign,Warning,No,No,W,M,61,W,M
Date,Type,Location,Reason for Stop,Dispostion,"Search
Conducted?",Tow?,Race,Sex,Age,Ofc. Race,Ofc. Sex
4/27/2019,Traffic Stop,Millmont at Arlington,Fail to obey sign,Warning,No,No,A,M,52,W,M
4/28/2019,Traffic Stop,1400 University Ave,Improper Stopping,Warning,No,No,A,M,21,W,M
4/28/2019,Traffic Stop,University at McCormick,Defective Equipment,Warning,No,No,W,M,34,B,M
4/28/2019,Traffic Stop,McCormick Rd,No Headlights,Warning,No,No,W,F,19,W,M
5/1/2019,Traffic Stop,1500 Blk University,Improper Stopping,Warning,No,No,W,M,20,W,M
5/2/2019,Traffic Stop,JPA & Ruppel Dr,No Headlights,Warning,No,No,B,M,55,W,M
5/2/2019,Traffic Stop,10th St at W. Main,Fail to yield ROW,Warning,No,No,W,M,37,W,M
5/2/2019,Traffic Stop,11th St Garage,No Headlights,Warning,No,No,B,M,65,B,M
5/2/2019,Traffic Stop,1204 W. Main St,Unregistered moped,Warning,No,No,B,M,59,W,M
5/3/2019,Traffic Stop,160 McCormick Rd,Fail to obey sign,Warning,No,No,U,M,24,W,M
5/3/2019,Traffic Stop,McCormick at University,Fail to obey sign,Warning,No,No,W,M,15,W,M
5/3/2019,Traffic Stop,140 Emmet St,No Taillights,Warning,No,No,B,M,33,W,M
5/4/2019,Traffic Stop,McCormick/Cabell,No Headlights,Warning,No,No,W,M,19,W,M
5/4/2019,Traffic Stop,Arlington at Millmont,Fail to obey sign,Warning,No,No,W,M,70,W,M
5/4/2019,Traffic Stop,Arlington at Millmont,Fail to obey sign,Warning,No,No,W,F,26,W,M
5/4/2019,Traffic Stop,810 W. Main,No Headlights,Warning,No,No,W,M,37,B,M
5/5/2019,Traffic Stop,Hospital Dr,Expired Inspection,Warning,No,No,W,M,20,W,M
5/5/2019,Traffic Stop,W. Main St,Expired Inspection,Warning,No,No,W,F,46,W,M
5/5/2019,Traffic Stop,W. Main St,Right turn on red-prohibited,Warning,No,No,B,M,59,W,M
5/6/2019,Traffic Stop,Alderman at Thompson,No Headlights,Warning,No,No,A,M,38,W,M
5/6/2019,Traffic Stop,Rugby Rd,Fail to obey sign,Warning,No,No,W,M,74,W,F
5/7/2019,Traffic Stop,Runk Dining,Fail to obey sign,Warning,No,No,W,M,68,W,M
5/7/2019,Traffic Stop,Culbreth Garage,Expired Registration,Warning,No,No,W,F,29,W,M
5/8/2019,Traffic Stop,University at McCormick,Illegal left turn,Warning,No,No,W,M,57,W,M
5/8/2019,Traffic Stop,Stadium Rd,No Headlights,Warning,No,No,A,M,19,W,M
5/8/2019,Traffic Stop,McCormick Rd,Fail to obey sign,Warning,No,No,B,M,18,W,F
5/9/2019,Traffic Stop,214 14th St,No Headlights,Warning,No,No,W,F,19,W,M
5/10/2019,Traffic Stop,Rugby at University Cir,Defective Equipment,Warning,No,No,W,M,37,W,M
5/10/2019,Traffic Stop,Alderman at Stadium,Defective Equipment,Warning,No,No,B,M,58,W,M
5/10/2019,Traffic Stop,JPA/Monroe Ln,No Headlights,Warning,No,No,A,F,22,B,M
5/10/2019,Traffic Stop,Alderman at McCormick,Fail to obey light,Warning,No,No,W,M,20,W,M
5/10/2019,Traffic Stop,Bonnycastle at McCormick,Speeding,Warning,No,No,B,F,19,W,M
5/10/2019,Traffic Stop,123 Emmet St,No Headlights,Warning,No,No,A,M,22,W,F
5/11/2019,Traffic Stop,Roosevelt Brown at 9th St,Fail to obey sign,Warning,No,No,W,F,18,B,M
5/11/2019,Traffic Stop,JPA at Maywood,Fail to obey lane markings,Warning,No,No,A,M,33,B,M
5/11/2019,Traffic Stop,Ivy Rd at Cresap,No Headlights,Warning,No,No,W,M,63,W,M
5/12/2019,Traffic Stop,Lane Rd at Crispell,Fail to yield ROW,Warning,No,No,W,F,34,W,M
5/12/2019,Traffic Stop,Arlington at Millmont,Fail to obey sign,Warning,No,No,W,F,30,W,M
5/12/2019,Traffic Stop,Emmet St at Ivy,Fail to obey sign,Warning,No,No,W,F,21,W,M
Date,Type,Location,Reason for Stop,Dispostion,"Search
Conducted?",Tow?,Race,Sex,Age,Ofc. Race,Ofc. Sex
5/12/2019,Traffic Stop,Emmet St at Lambeth,No Headlights,Warning,No,No,W,F,22,B,M
5/13/2019,Traffic Stop,Newcomb at McCormick,Fail to obey sign,Warning,No,No,W,M,20,W,M
5/14/2019,Traffic Stop,Cemetery Rd,Defective Equipment,Warning,No,No,A,M,54,W,M
5/14/2019,Traffic Stop,Massie at Emmet,Fail to obey sign,Warning,No,No,B,M,23,W,M
5/15/2019,Traffic Stop,999 Grove St,Fail to yield ROW,Warning,No,No,W,M,23,W,M
5/16/2019,Traffic Stop,201 Sprigg Ln,Defective Equipment,Warning,No,No,W,F,19,W,M
5/16/2019,Traffic Stop,800 W. Main St,Defective Equipment,Warning,No,No,W,M,19,W,M
5/16/2019,Traffic Stop,123 Emmet St,Defective Equipment,Warning,No,No,W,M,69,W,M
5/16/2019,Traffic Stop,190 McCormick Rd,No Headlights,Warning,No,No,A,M,28,W,M
5/16/2019,Traffic Stop,University at Culbreth,Illegal left turn,Warning,No,No,H,M,23,W,M
5/17/2019,Traffic Stop,155 Rugby Rd,Improper Stopping,Warning,No,No,B,M,30,W,M
5/17/2019,Traffic Stop,University at Madison,Illegal U-Turn,Warning,No,No,O,M,25,W,F
5/18/2019,Traffic Stop,460 Pratt Dr,Passing on double yellow,Warning,No,No,W,F,22,W,M
5/18/2019,Traffic Stop,300 14th St NW,Impeding flow of traffic,Warning,No,No,W,M,55,B,M
5/20/2019,Traffic Stop,Nash at Massie Rd,Fail to obey sign,Warning,No,No,H,M,39,W,M
5/20/2019,Traffic Stop,Arlington at Millmont,Fail to obey sign,Warning,No,No,B,F,21,W,M
5/20/2019,Traffic Stop,Rugby Rd at University,Illegal U-Turn,Warning,No,No,W,F,52,B,M
5/20/2019,Traffic Stop,Emmet St at Stadium,Expired Registration,Warning,No,No,A,F,50,W,M
5/20/2019,Traffic Stop,406 14th St,Fail to obey sign,Warning,No,No,W,F,22,W,M
5/21/2019,Traffic Stop,Ivy at Emmet,Fail to obey light,Warning,No,No,W,F,69,W,M
5/22/2019,Traffic Stop,Arlington at Millmont,Fail to obey sign,Warning,No,No,A,M,27,W,M
5/22/2019,Traffic Stop,Emmet at Ivy,Fail to obey sign,Warning,No,No,W,M,59,W,M
5/22/2019,Traffic Stop,Ivy/Thomson,Fail to obey sign,Warning,No,No,W,F,33,W,M
5/23/2019,Traffic Stop,1207 Grady Ave,Defective Equipment,Warning,No,No,W,M,26,W,M
5/23/2019,Traffic Stop,University Cir/Grady,Defective Equipment,Warning,No,No,W,M,22,W,M
5/24/2019,Traffic Stop,Ivy/Emmet,No Headlights,Warning,No,No,W,F,17,W,M
5/24/2019,Traffic Stop,Massie at Emmet,No Headlights,Warning,No,No,A,M,19,W,M
5/24/2019,Traffic Stop,Arlington at Millmont,Fail to obey sign,Warning,No,No,W,M,22,W,M
5/24/2019,Traffic Stop,918 Emmet St,Expired Inspection,Warning,No,No,W,M,21,W,M
5/24/2019,Traffic Stop,2000 Ivy,No Headlights,Warning,No,No,A,F,37,W,M
5/24/2019,Traffic Stop,Lambeth Commons,Defective Equipment,Warning,No,No,W,M,33,W,M
5/24/2019,Traffic Stop,McCormick/Garrett,Defective Equipment,Warning,No,No,W,M,32,W,M
5/24/2019,Traffic Stop,Ivy/Emmet,Improper UseTurn Lane,Warning,No,No,W,M,73,W,M
5/25/2019,Traffic Stop,Universirt Gardens,Tail light out,Warning,No,No,W,M,40,W,M
5/25/2019,Traffic Stop,Ivy/Rothery,Fail to obey sign,Warning,No,No,W,F,22,W,M
5/25/2019,Traffic Stop,140 Emmet St,Fail to obey sign,Warning,No,No,W,M,28,W,M
5/25/2019,Traffic Stop,Ivy/Emmet,Improper Display,Warning,No,No,A,M,25,W,M
5/25/2019,Traffic Stop,University at Rugby,No right on red,Warning,No,No,W,M,20,B,M
5/26/2019,Traffic Stop,64 Lambeth Commons,Defective Equipment,Warning,No,No,W,M,35,W,M
Date,Type,Location,Reason for Stop,Dispostion,"Search
Conducted?",Tow?,Race,Sex,Age,Ofc. Race,Ofc. Sex
5/26/2019,Traffic Stop,U-Heights,Expired Tags,Warning,No,No,A,M,25,W,M
5/27/2019,Traffic Stop,123 Emmet St,Defective Equipment,Warning,No,No,W,M,28,W,M
5/27/2019,Traffic Stop,450 Copeley,Defective Equipment,Warning,No,No,W,M,20,W,M
5/28/2019,Traffic Stop,2025 Ivy Rd,Defective Equipment,Warning,No,No,B,M,39,W,M
5/28/2019,Traffic Stop,University Ave,No Headlights,Warning,No,No,W,M,22,W,M
5/28/2019,Traffic Stop,13th at W. Main St,No Headlights,Warning,No,No,W,M,19,W,M
5/31/2019,Traffic Stop,Roosevelt Brown at Lee St,Defective Equipment,Warning,No,No,B,F,18,W,M
5/31/2019,Traffic Stop,295 Massie Rd,Expired Registration,Warning,No,No,W,F,32,B,M
5/31/2019,Traffic Stop,901 Emmet St,No Headlights,Warning,No,No,A,F,20,W,F
6/1/2019,Traffic Stop,Wertland,Defective Equipment,Warning,No,No,B,F,21,W,M
6/1/2019,Traffic Stop,Maury at Price Ave,Stop sign violation,Warning,No,No,W,F,25,W,M
6/1/2019,Traffic Stop,2306 Ivy Rd,Erratic Driving,Warning,No,No,A,F,64,W,M
6/1/2019,Traffic Stop,Ivy Rd,Improper Display,Warning,No,No,W,M,20,W,M
6/1/2019,Traffic Stop,Lee St/JPA,No Headlights,Warning,No,No,W,F,54,W,F
6/1/2019,Traffic Stop,Lee St/JPA,Fail to obey light,Warning,No,No,W,M,61,W,F
6/1/2019,Traffic Stop,123 Emmet St,Illegal U-Turn,Warning,No,No,B,M,29,W,F
6/2/2019,Traffic Stop,1201 W. Main St,Failed to display tags,Warning,No,No,W,F,46,A,F
6/2/2019,Traffic Stop,123 Emmet St,Expired Reg/Defect Equ,Warning,No,No,B,M,26,W,M
6/2/2019,Traffic Stop,918 Emmet St,Improper lane Change,Warning,No,No,W,F,30,W,M
6/2/2019,Traffic Stop,Ivy at Emmet St,Right turn on red,Warning,No,No,W,M,68,B,M
6/3/2019,Traffic Stop,Lee St/Roosevelt Blvd,Expired Registration,Warning,No,No,W,M,50,W,M
6/3/2019,Traffic Stop,155 Rugby Rd,No Helmet/Improper Dis,Warning,No,No,W,M,29,W,M
6/3/2019,Traffic Stop,Massie/Faulkner,Expired Inspection,Warning,No,No,W,F,28,B,M
6/3/2019,Traffic Stop,190 McCormick Rd,Fail to obey sign,Warning,No,No,W,M,59,B,M
6/4/2019,Traffic Stop,Emmet St at Lewis Mtn,Speeding (39/25),Warning,No,No,W,M,73,W,M
6/4/2019,Traffic Stop,University at 14th St,Defective Equipment,Warning,No,No,B,F,27,,
6/6/2019,Traffic Stop,145 McCormick Rd,Speeding/odor of Marijuana,Released,Yes,No,W,M,17,W,M
6/7/2019,Traffic Stop,1309 W. Main St,Fail to obey light,Warning,No,No,W,F,20,W,M
6/7/2019,Traffic Stop,McCormick/Alderman,Fail to obey sign,Warning,No,No,W,M,44,W,M
6/7/2019,Traffic Stop,Rugby/Gordon,Fail to obey sign,Warning,No,No,W,F,24,W,F
6/7/2019,Traffic Stop,Whitehead Rd,No right on red,Warning,No,No,W,F,57,B,M
6/8/2019,Traffic Stop,100 Emmet St S,Fail to obey sign,Warning,No,No,W,F,30,W,M
6/8/2019,Traffic Stop,Alderman at Floyd,Speeding,Warning,No,No,W,F,34,W,M
6/8/2019,Traffic Stop,1826 University Ave,Improper Stopping,Warning,No,No,W,M,62,W,F
6/9/2019,Traffic Stop,Massie at Emmet St,No Headlights,Warning,No,No,W,M,35,W,M
6/9/2019,Traffic Stop,University at McCormick,No Left Turn,Warning,No,No,B,M,23,W,M
6/9/2019,Traffic Stop,Grady at Rugby,Right turn on red,Warning,No,No,W,F,62,B,M
6/10/2019,Traffic Stop,1619 University Ave,Defective Equipment,Warning,No,No,A,M,24,W,M
6/11/2019,Traffic Stop,Alderman at McCormick,Right turn on red,Warning,No,No,B,M,38,B,M
Date,Type,Location,Reason for Stop,Dispostion,"Search
Conducted?",Tow?,Race,Sex,Age,Ofc. Race,Ofc. Sex
6/12/2019,Traffic Stop,McCormick/Alderman,No Headlights,Warning,No,No,W,M,21,B,M
6/12/2019,Traffic Stop,300 Massie Rd,Defective Equipment,Warning,No,No,W,M,19,B,M
6/13/2019,Traffic Stop,Alderman at George Welsh,Expired Inspection/Suspended,Warning,No,Yes,B,F,19,B,M
6/14/2019,Traffic Stop,406 14th St NW,Defective Equipment,Warning,No,No,B,M,35,W,M
6/14/2019,Traffic Stop,123 Emmet St,Defective Equipment,Warning,No,No,W,M,52,W,M
6/14/2019,Traffic Stop,1415 JPA,Defective Equipment,Warning,No,No,B,M,51,W,M
6/14/2019,Traffic Stop,University at Madison Ln,Fail to obey sign,Warning,No,No,B,F,68,B,M
6/15/2019,Traffic Stop,Lee St at JPA,No Headlights,Warning,No,No,W,F,39,W,M
6/15/2019,Traffic Stop,Ivy Rd,Expired Tags,Warning,No,No,W,F,56,,
6/15/2019,Traffic Stop,W. Main at JPA,Fail to obey light,Warning,No,No,W,F,68,B,M
6/16/2019,Traffic Stop,McCormick/Alderman,No right on red,Warning,No,No,W,M,27,B,M
6/17/2019,Traffic Stop,McCormick/Alderman,Fail to obey sign,Warning,No,No,W,F,34,W,M
6/17/2019,Traffic Stop,Rugby Rd at Bayly,No Headlights,Warning,No,No,W,M,17,W,F
6/19/2019,Traffic Stop,W. Main at University Ave,Defective Equipment,Warning,No,No,B,M,36,W,M
6/19/2019,Traffic Stop,JPA at Maywood,Defective Equipment,Warning,No,No,W,M,29,W,M
6/20/2019,Traffic Stop,Emmet St at University Gardens,Speeding,Warning,No,No,W,F,78,W,M
6/20/2019,Traffic Stop,1619 University Ave,Speeding,Warning,No,No,W,M,35,W,M
6/20/2019,Traffic Stop,McCormick/Alderman,Fail to obey sign,Warning,No,No,W,M,83,B,M
6/21/2019,Traffic Stop,University at Culbreth,Defective Equipment,Warning,No,No,W,M,19,W,M
6/21/2019,Traffic Stop,University Ave,Texting while driving,Warning,No,No,W,M,20,W,M
6/21/2019,Traffic Stop,Emmet St at McCormick,No Headlights,Warning,No,No,W,M,58,W,M
6/21/2019,Traffic Stop,Massie Rd at Arlington,Fail to obey sign,Warning,No,No,W,F,33,W,F
6/21/2019,Traffic Stop,University at McCormick,Fail to obey sign,Warning,No,No,W,M,48,W,F
6/21/2019,Traffic Stop,Culbreth at University,Fail to obey sign,Warning,No,No,A,M,22,W,F
6/22/2019,Traffic Stop,Emmet St at Ivy,Fail to obey sign,Warning,No,No,W,M,60,W,M
6/22/2019,Traffic Stop,Emmet St,Defective Equipment,Warning,No,No,A,M,22,W,M
6/22/2019,Traffic Stop,Massie Rd at Arlington,Fail to obey sign,Warning,No,No,A,M,31,W,F
6/23/2019,Traffic Stop,Emmet St,No Headlights,Warning,No,No,B,F,19,W,M
6/23/2019,Traffic Stop,Emmet St,Texting while driving,Warning,No,No,W,F,19,W,M
6/23/2019,Traffic Stop,Alderman Rd,Defective Equipment,Warning,No,No,B,M,31,W,M
6/25/2019,Traffic Stop,Copeley Rd,Improper Display,Warning,No,No,W,M,42,W,M
6/26/2019,Traffic Stop,University at Rugby,No turn on red,Warning,No,No,W,M,55,W,M
6/26/2019,Traffic Stop,McCormick/Alderman,No turn on red,Warning,No,No,W,M,19,W,F
6/27/2019,Traffic Stop,Chancellor/Madison,Wrong way on one way,Warning,No,No,W,M,19,W,M
6/27/2019,Traffic Stop,102 14th St NW,Impeding Traffic,Warning,No,No,W,F,57,W,M
6/27/2019,Traffic Stop,400 Emmet St,Fail to obey sign,Warning,No,No,W,F,18,W,F
6/28/2019,Traffic Stop,University at 11th St,Defective Equipment,Warning,No,No,B,M,54,W,M
6/28/2019,Traffic Stop,University at Hospital Dr,No Headlights,Warning,No,No,W,M,24,W,M
6/29/2019,Traffic Stop,Lee St at JPA,Fail to yield ROW,Warning,No,No,B,M,32,W,M
Date,Type,Location,Reason for Stop,Dispostion,"Search
Conducted?",Tow?,Race,Sex,Age,Ofc. Race,Ofc. Sex
6/29/2019,Traffic Stop,Millmont at Arlington,Expired Registration,Warning,No,No,W,M,21,W,M
6/29/2019,Traffic Stop,University at McCormick,Illegal left turn,Warning,No,No,W,F,20,B,M
6/30/2019,Traffic Stop,Massie Rd at Arlington,Fail to obey sign,Warning,No,No,A,M,30,W,M
6/30/2019,Traffic Stop,190 McCormick Rd,Fail to obey sign,Warning,No,No,W,F,24,W,M
6/30/2019,Traffic Stop,Emmet St at Lewis Mtn,Fail to obey sign,Warning,No,No,W,F,43,W,M
6/30/2019,Traffic Stop,McCormick/University,Fail to obey light,Warning,No,No,W,F,31,W,M
7/1/2019,Traffic Stop,204 Emmet St,Impeding Traffic,Warning,No,No,W,M,22,W,F
7/2/2019,Traffic Stop,University Ave/Hospital Dr,Fail to obey light,Warning,No,No,W,M,30,B,M
7/2/2019,Traffic Stop,Alderman/Stadium,Expired Inspection,Warning,No,No,W,M,48,B,M
7/2/2019,Traffic Stop,Lane Rd/JPA,No Moped Registration,Warning,No,No,W,M,20,B,M
7/3/2019,Traffic Stop,Ivy Rd at Copeley,No Headlights,Warning,No,No,W,F,17,W,M
7/4/2019,Traffic Stop,JPA at Lane Rd,No Headlights,Warning,No,No,W,M,56,W,M
7/5/2019,Traffic Stop,1210 Lee St,Fail to obey sign,Warning,No,No,W,F,28,B,M
7/5/2019,Traffic Stop,1400 University Ave,Expired Registration,Warning,No,No,W,M,23,W,M
7/6/2019,Traffic Stop,Alderman/Treehouse,Defective Equipment,Warning,No,No,W,F,53,W,M
7/6/2019,Traffic Stop,2212 Ivy Rd,No Headlights,Warning,No,No,W,M,31,W,F
7/6/2019,Traffic Stop,4 University Cir,Fail to obey sign,Warning,No,No,B,M,27,W,M
7/6/2019,Traffic Stop,Wertland/14th St,Fail to yield ROW,Warning,No,No,O,F,20,W,M
7/7/2019,Traffic Stop,Alderman/Twyman,No Headlights,Warning,No,No,W,F,53,W,M
7/8/2019,Traffic Stop,McCormick/Alderman,Turned right on red,Warning,No,No,W,F,58,A,F
7/10/2019,Traffic Stop,Roosevelt Brown/Grove,No Headlights,Warning,No,No,W,F,48,B,M
7/10/2019,Traffic Stop,Massie/Arlington,No Headlights,Warning,No,No,B,M,20,W,M
7/10/2019,Traffic Stop,1035 Millmont St,Expired Registration,Warning,No,No,W,M,39,B,M
7/10/2019,Traffic Stop,JPA/Shamrock,Fail to obey sign,Warning,No,No,W,F,19,W,F
7/12/2019,Traffic Stop,John St at 14th St,No Headlights,Warning,No,No,W,M,21,W,M
7/12/2019,Traffic Stop,Alderman at Treehouse,No visible registration,Warning,No,No,W,F,47,W,M
7/12/2019,Traffic Stop,102 14th St NW,No Headlights,Warning,No,No,W,M,20,W,M
7/12/2019,Traffic Stop,Ivy at Emmet,Right turn on red,Warning,No,No,B,M,54,B,M
7/13/2019,Traffic Stop,3 Elliewood Ave,Improper Stopping,Warning,No,No,W,F,34,W,M
7/14/2019,Traffic Stop,UVA Cemetary,Fail to obey sign,Warning,No,No,W,M,76,W,M
7/14/2019,Traffic Stop,Emmet at  Massie,Improper Display of blue light,Warning,No,No,W,M,29,W,M
7/14/2019,Traffic Stop,Culbreth and University,Fail to obey sign,Warning,No,No,W,M,41,B,M
7/14/2019,Traffic Stop,University at McCormick,Fail to obey sign,Warning,No,No,B,M,19,B,M
7/15/2019,Traffic Stop,Lee at JPA,Expired Registration,Warning,No,No,B,M,65,W,M
7/15/2019,Traffic Stop,South Garage,Fail to obey sign,Warning,No,No,A,M,41,B,M
7/15/2019,Traffic Stop,Lane Rd/JPA,Fail to obey sign,Warning,No,No,H,F,22,B,M
7/15/2019,Traffic Stop,600 Massie rd,No Headlights,Warning,No,No,W,M,40,W,M
7/16/2019,Traffic Stop,W. Main/10th St,Right on red,Warning,No,No,U,M,35,W,M
7/16/2019,Traffic Stop,Lee at 11th St,Fail to obey sign,Warning,No,No,W,M,53,W,M
Date,Type,Location,Reason for Stop,Dispostion,"Search
Conducted?",Tow?,Race,Sex,Age,Ofc. Race,Ofc. Sex
7/17/2019,Traffic Stop,Arlington,Fail to obey sign,Warning,No,No,W,M,64,W,M
7/17/2019,Traffic Stop,Emmet N,Defective Equipment,Warning,No,No,B,M,30,W,M
7/17/2019,Traffic Stop,Arlington,Fail to obey sign,Warning,No,No,W,M,23,W,M
7/18/2019,Traffic Stop,Arlington,Fail to obey sign,Warning,No,No,W,F,48,W,M
7/18/2019,Traffic Stop,1619 University Ave,Improper Stopping,Warning,No,No,B,F,19,W,M
7/19/2019,Traffic Stop,University at Newcomb,Fail to obey sign,Warning,No,No,W,F,30,W,M
7/19/2019,Traffic Stop,McCormick at Hancock,Illegal U-Turn,Warning,No,No,A,F,unk,W,F
7/20/2019,Traffic Stop,Cabell Dr,Wrong way one way,Warning,No,No,W,M,61,W,F
7/20/2019,Traffic Stop,Emmet at Sprigg,Fail to obey sign,Warning,No,No,W,F,62,W,F
7/20/2019,Traffic Stop,Alderman at Twyman,Fail to obey lane/equipment,Warning,No,No,W,M,21,W,F
7/22/2019,Traffic Stop,853 W. Main St,Expired Inspection,Warning,No,No,W,F,21,W,M
7/22/2019,Traffic Stop,Ivy Rd at Alderman,No Headlights,Warning,No,No,B,M,19,W,M
7/22/2019,Traffic Stop,248 McCormick Rd,Left turn violation,Warning,No,No,W,M,18,B,M
7/23/2019,Traffic Stop,417 Emmet St,No Headlights,Warning,No,No,A,F,19,W,M
7/24/2019,Traffic Stop,14th St NW,Wrong way one way,Warning,No,No,W,F,24,B,M
7/25/2019,Traffic Stop,Rugby Rd,Wrong way one way,Warning,No,No,W,F,45,B,M
7/25/2019,Traffic Stop,Emmet St at McCormick,No Headlights,Warning,No,No,W,F,28,W,M
7/25/2019,Traffic Stop,Lee St Garage,Fail to obey sign,Warning,No,No,W,F,63,W,F
7/26/2019,Traffic Stop,Thompson at Emmet,Turned right on red,Warning,No,No,A,M,22,W,M
7/28/2019,Traffic Stop,1619 University Ave,No Headlights,Warning,No,No,W,M,20,W,M
7/29/2019,Traffic Stop,160 McCormick Rd,Fail to obey sign,Warning,No,No,W,M,27,W,M
7/30/2019,Traffic Stop,Culbreth,Fail to obey sign,Warning,No,No,W,M,60,W,M
7/30/2019,Traffic Stop,Arlington at Massie,Fail to obey sign,Warning,No,No,B,M,34,W,M
7/30/2019,Traffic Stop,Stadium at Shamrock,No Headlights,Warning,No,No,W,F,19,B,M
7/31/2019,Traffic Stop,2206 Ivy Rd,Passing on right,Warning,No,No,W,F,17,W,M
8/1/2019,Traffic Stop,Alderman Rd,Expired Inspection,Warning,No,No,B,M,56,W,M
8/1/2019,Traffic Stop,University at McCormick,Right turn on red,Warning,No,No,W,F,41,B,M
8/3/2019,Traffic Stop,Ivy at Cresap,No Headlights,Warning,No,No,W,F,55,W,M
8/4/2019,Traffic Stop,McCormick at University,No Headlights,Warning,No,No,A,M,20,W,M
8/5/2019,Traffic Stop,University at Emmet,Fail to obey light,Warning,No,No,W,M,33,A,F
8/5/2019,Traffic Stop,2025 Ivy Rd,Defective Equipment/Inspection,Warning,No,No,W,M,29,W,M
8/5/2019,Traffic Stop,Alderman at Stadium,Speeding (42/25),Warning,No,No,W,F,29,B,M
8/6/2019,Traffic Stop,90 Geldard Dr,Expired Inspection,Warning,No,No,W,M,43,W,M
8/6/2019,Traffic Stop,Rugby at University,Defective Equipment,Warning,No,No,W,F,19,W,M
8/6/2019,Traffic Stop,Alderman at McCormick,No Headlights,Warning,No,No,A,M,34,W,M
8/6/2019,Traffic Stop,Rugby at University,Illegal Left Turn,Warning,No,No,W,F,74,W,M
8/6/2019,Traffic Stop,Ivy at Emmet,Right turn on red,Warning,No,No,W,M,50,B,M
8/7/2019,Traffic Stop,291 McCormick Rd,Fail to obey sign,Warning,No,No,W,M,58,W,M
8/7/2019,Traffic Stop,1400 Grady,Expired Regsitration,Warning,No,No,W,M,53,W,F
Date,Type,Location,Reason for Stop,Dispostion,"Search
Conducted?",Tow?,Race,Sex,Age,Ofc. Race,Ofc. Sex
8/9/2019,Traffic Stop,Gordon at Rugby,Helmet Violation,Warning,No,No,A,M,24,W,M
8/9/2019,Traffic Stop,121/2 N/Wertland,No Headlights,Warning,No,No,B,F,67,W,M
8/9/2019,Traffic Stop,McCormick at Alderman,Right turn on red,Warning,No,No,W,M,34,B,M
8/10/2019,Traffic Stop,2121 Ivy Rd,No Headlights,Warning,No,No,W,F,19,W,M
8/10/2019,Traffic Stop,2025 Ivy Rd,Defective Equipment,Warning,No,No,W,M,72,W,M
8/10/2019,Traffic Stop,1540 JPA,Defective Equipment,Warning,No,No,W,M,32,W,M
8/10/2019,Traffic Stop,Alderman at Pratt Dr,No turn on red,Warning,No,No,A,M,55,W,M
8/10/2019,Traffic Stop,McCormick at Alderman,Right turn on red,Warning,No,No,W,M,38,B,M
8/11/2019,Traffic Stop,Emmet St N,No Headlights,Warning,No,No,B,M,30,W,M
8/11/2019,Traffic Stop,McCormick Rd,No Headlights,Warning,No,No,W,M,18,W,M
8/11/2019,Traffic Stop,University at McCormick,Red light violation,Warning,No,No,H,F,26,W,M
8/11/2019,Traffic Stop,McCormick Rd,Speeding,Warning,No,No,W,F,20,B,M
8/11/2019,Traffic Stop,McCormick at Alderman,Right turn on red,Warning,No,No,W,F,37,B,M
8/12/2019,Traffic Stop,Ruppel at JPA,Defective Equipment,Warning,No,No,W,M,29,W,M
8/12/2019,Traffic Stop,801 Emmet St,Defective Equipment,Warning,No,No,W,M,59,W,M
8/12/2019,Traffic Stop,Brandon at JPA,Defective Equipment,Warning,No,No,W,M,55,W,M
8/13/2019,Traffic Stop,Alderman Rd,Driving in bike lane,Warning,No,No,W,M,76,B,M
8/13/2019,Traffic Stop,Lane at Crispell,Fail to obey sign,Warning,No,No,B,F,30,W,M
8/13/2019,Traffic Stop,Alderman Rd,Improper stopping,Warning,No,No,W,M,29,W,M
8/14/2019,Traffic Stop,1001 Emmet St,Impeding Traffic,Warning,No,No,B,M,67,W,M
8/14/2019,Traffic Stop,1001 Emmet St,No Headlights,Warning,No,No,W,M,25,W,M
8/14/2019,Traffic Stop,918 Emmet St,Illegal U-Turn,Warning,No,No,W,F,17,W,M
8/14/2019,Traffic Stop,McCormick at Alderman,Right turn on red,Warning,No,No,W,F,30,B,M
8/15/2019,Traffic Stop,10th St at Wetland,Right turn on red,Warning,No,No,W,M,72,W,M
8/15/2019,Traffic Stop,100 Minor Ct Ln,Wrong way one way,Warning,No,No,W,M,22,W,M
8/15/2019,Traffic Stop,100 Roosevelt Brown Blvd,Right turn on red,Warning,No,No,W,M,21,W,M
8/15/2019,Traffic Stop,Copeley Rd at Emmet St,No Headlights,Warning,No,No,A,F,25,W,M
8/16/2019,Traffic Stop,1129 Emmet St,Fail to obey sign,Warning,No,No,W,F,24,W,M
8/16/2019,Traffic Stop,2400 Alrington Blvd,Fail to obey sign,Warning,No,No,W,M,31,W,M
8/17/2019,Traffic Stop,Emmet St,Ilegal U-turn,Warning,No,No,A,M,23,W,M
8/17/2019,Traffic Stop,McCormick at Cabell,Expired Inspection,Warning,No,No,W,M,17,W,M
8/17/2019,Traffic Stop,Lee St,No Headlights,Warning,No,No,W,M,66,W,M
8/17/2019,Traffic Stop,,Fail to obey sign,Warning,No,No,W,F,20,W,M
8/17/2019,Traffic Stop,Alderman rd,Parked in roadway,Warning,No,No,A,M,23,W,M
8/18/2019,Traffic Stop,Emmet N,Improper entering highway,Warning,No,No,W,F,17,W,F
8/18/2019,Traffic Stop,Alderman at Minor,Fail to obey sign,Warning,No,No,A,M,32,W,F
8/19/2019,Traffic Stop,1619 University,No Headlights,Warning,No,No,A,M,18,W,M
8/19/2019,Traffic Stop,Shamrock/Stadium,No Headlights,Warning,No,No,W,F,19,W,M
8/20/2019,Traffic Stop,Crispell at Lee St,No Headlights,Warning,No,No,W,M,68,W,M
Date,Type,Location,Reason for Stop,Dispostion,"Search
Conducted?",Tow?,Race,Sex,Age,Ofc. Race,Ofc. Sex
8/20/2019,Traffic Stop,11th St,Fail to obey sign,Warning,No,No,A,M,37,W,M
8/20/2019,Traffic Stop,Pratt at Alderman,Speeding-paced (30/15),Warning,No,No,B,F,30,W,M
8/20/2019,Traffic Stop,Massie Rd at Farrish,Defective Equipment,Warning,No,No,W,F,30,W,M
8/21/2019,Traffic Stop,10th St,Speeding in parking lot,Warning,No,No,W,M,18,B,M
8/21/2019,Traffic Stop,Stadium at Whitehead,Speeding,Warning,No,No,B,F,22,W,M
8/21/2019,Traffic Stop,Rugby at Culbreth,Fail to obey sign,Warning,No,No,W,F,21,W,M
8/21/2019,Traffic Stop,Emmet at University,Right turn on red,Warning,No,No,B,M,34,W,M
8/22/2019,Traffic Stop,1210 Lee St,Fail to obey sign,Warning,No,No,unk,unk,unk,B,M
8/22/2019,Traffic Stop,McCormick at Emmet,Speeding,Warning,No,No,W,M,42,W,M
8/22/2019,Traffic Stop,382 McCormick,Speeding,Warning,No,No,W,M,46,W,M
8/22/2019,Traffic Stop,McComrick at Newcomb,Fail to obey sign,Warning,No,No,W,M,20,W,M
8/22/2019,Traffic Stop,University at 14th,Impeding Traffic,Warning,No,No,O,M,53,W,F
8/22/2019,Traffic Stop,1619 University,No Headlights,Warning,No,No,W,F,23,W,F
8/22/2019,Traffic Stop,210 Emmet St,Speeding,Warning,No,No,W,M,21,W,F
8/22/2019,Traffic Stop,520 Edgemont,Fail to obey sign,Warning,No,No,W,M,53,W,F
8/23/2019,Traffic Stop,913 W. Main St,Right turn on red,Warning,No,No,W,F,50,W,M
8/23/2019,Traffic Stop,Roosevelt Brown at W. Main,No Headlights,Warning,No,No,W,F,36,W,M
8/23/2019,Traffic Stop,450 Whitehead Rd,No Headlights,Warning,No,No,W,F,49,W,M
8/23/2019,Traffic Stop,555 McCormick,Right turn on red,Warning,No,No,W,M,52,W,M
8/23/2019,Traffic Stop,Lambeth Colonnade,Improper Display,Warning,No,No,W,F,34,W,M
8/24/2019,Traffic Stop,JPA/Brandon,Fail to obey sign,Warning,No,No,W,F,49,W,M
8/24/2019,Traffic Stop,Emmet at JPA,No Headlights,Warning,No,No,W,M,23,W,M
8/24/2019,Traffic Stop,525 McCormick Rd,Expired Inspection,Warning,No,No,B,F,40,W,M
8/24/2019,Traffic Stop,485 McComrick Rd,No Headlights,Warning,No,No,W,F,19,W,M
8/24/2019,Traffic Stop,Madison Ln at University,Left turn violation,Warning,No,No,W,F,65,W,M
8/24/2019,Traffic Stop,Lambeth Commons,Fail to obey sign,Warning,No,No,B,F,17,W,M
8/25/2019,Traffic Stop,University Ave,No Headlights,Warning,No,No,A,F,21,W,M
8/25/2019,Traffic Stop,Ivy Rd,No Headlights,Warning,No,No,B,F,unk,W,M
8/25/2019,Traffic Stop,University at Culbreth,Unsafe lane change,Warning,No,No,W,F,55,W,M
8/25/2019,Traffic Stop,Alderman at McCormick,No Headlights,Warning,No,No,A,M,19,W,M
8/26/2019,Traffic Stop,McCormick at Edgemont,Fail to obey sign,Warning,No,No,W,M,21,W,M
8/26/2019,Traffic Stop,Alderman at McCormick,Right turn on red,Warning,No,No,A,M,21,W,M
8/26/2019,Traffic Stop,Stadium at Whitehead,Fail to obey sign,Warning,No,No,B,M,35,W,F
8/26/2019,Traffic Stop,Whitehead at Alderman,Fail to obey sign,Warning,No,No,B,M,22,W,F
8/27/2019,Traffic Stop,Lee St,No Headlights,Warning,No,No,B,M,38,B,M
8/28/2019,Traffic Stop,Wertland at 14th St,Defective Equipment,Warning,No,No,W,F,21,W,M
8/28/2019,Traffic Stop,McCormick at Newcomb,Improper stopping,Warning,No,No,A,F,19,W,M
8/28/2019,Traffic Stop,Alderman at Treehouse,Fail to obey sign,Warning,No,No,W,M,27,W,M
8/28/2019,Traffic Stop,250 Hereford,No Headlights,Warning,No,No,W,F,51,W,M
Date,Type,Location,Reason for Stop,Dispostion,"Search
Conducted?",Tow?,Race,Sex,Age,Ofc. Race,Ofc. Sex
8/29/2019,Traffic Stop,2304 Ivy rd,FTY to pedestrians,Warning,No,No,W,M,38,W,M
8/29/2019,Traffic Stop,85 Engineers Way,No Headlights,Warning,No,No,W,M,35,W,M
9/1/2019,Traffic Stop,Rugby Rd,Turned when restricted,Warning,No,No,W,M,30,W,F
9/1/2019,Traffic Stop,McCormick Rd,Speeding,Warning,No,No,W,M,22,W,F
9/2/2019,Traffic Stop,University at Newcomb,Made illegal left turn,Warning,No,No,W,M,21,A,F
9/2/2019,Traffic Stop,Arlington at Millmont,Fail to obey sign,Warning,No,No,W,F,28,W,M
9/2/2019,Traffic Stop,University at Madison Ln,Defective Equipment,Warning,No,No,W,M,32,W,M
9/2/2019,Traffic Stop,Duffy Blvd,Fail to obey sign,Warning,No,No,W,M,50,W,M
9/2/2019,Traffic Stop,440 McCormick,Speeding,Warning,No,No,B,M,20,W,M
9/2/2019,Traffic Stop,Newcomb at Univeristy,Fail to observe lanes,Warning,No,No,B,M,33,W,M
9/2/2019,Traffic Stop,Copeley at Ivy,No helmet on passenger,Warning,No,No,W,M,18,B,M
9/3/2019,Traffic Stop,600 Massie Rd,Improper Stopping/U-Turn,Warning,No,No,W,M,20,W,M
9/3/2019,Traffic Stop,Thompson at Alderman,Unregistered Moped,Warning,No,No,W,M,19,W,M
9/3/2019,Traffic Stop,Morris Rd at Alderman,Speeding,Warning,No,No,W,M,25,W,M
9/3/2019,Traffic Stop,150 Chancellor St,Wrong way one way,Warning,No,No,W,F,20,W,M
9/3/2019,Traffic Stop,McCormick at Alderman,FTY Right of Way,Warning,No,No,W,F,21,B,M
9/4/2019,Traffic Stop,Brandon at JPA,No Helmet/Registration,Warning,No,No,W,M,20,W,M
9/4/2019,Traffic Stop,Emmet at Sprigg,No Headlights,Warning,No,No,W,F,22,W,M
9/4/2019,Traffic Stop,University at McCormick,No helmet on passenger,Warning,No,No,W,F,19,W,M
9/4/2019,Traffic Stop,Emmet at JPA,No Headlights,Warning,No,No,A,F,21,W,M
9/4/2019,Traffic Stop,Arlington at Emmet,Fail to obey light,Warning,No,No,W,M,31,W,M
9/5/2019,Traffic Stop,Massie/Farrish,Speeding,Warning,No,No,B,M,21,W,M
9/5/2019,Traffic Stop,530 McCormick,Speeding,Warning,No,No,W,M,19,W,M
9/5/2019,Traffic Stop,295 Massie,No Headlights,Warning,No,No,A,F,28,W,M
9/6/2019,Traffic Stop,Alumni Hall,No turn on red,Warning,No,No,W,F,19,W,M
9/6/2019,Traffic Stop,Gilmer Hall,FTY to Pedestrian,Warning,No,No,W,M,51,B,M
9/7/2019,Traffic Stop,University at Newcomb,Fail to obey sign,Warning,No,No,B,F,41,W,M
9/7/2019,Traffic Stop,Massie at Leanard Sanridge,Expired Registration,Warning,No,No,W,F,55,W,M
9/7/2019,Traffic Stop,Massie at Faulkner,Defective Equipment,Warning,No,No,W,M,66,W,M
9/7/2019,Traffic Stop,Alderman at Minor,No Headlights,Warning,No,No,B,M,19,W,M
9/7/2019,Traffic Stop,1826 University Ave,Fail to obey light,Warning,No,No,W,F,58,W,M
9/7/2019,Traffic Stop,351 McCormick Rd,No Headlights,Warning,No,No,B,F,20,W,M
9/8/2019,Traffic Stop,University Ave,Defective Equipment,Warning,No,No,B,M,31,W,M
9/8/2019,Traffic Stop,McCormick Rd,Speeding,Warning,No,No,W,M,19,W,M
9/9/2019,Traffic Stop,Ivy Rd at Emmet S,No right on red,Warning,No,No,B,M,46,W,M
9/9/2019,Traffic Stop,Hospital Dr,Moped on sidewalk,Warning,No,No,W,F,21,W,M
9/9/2019,Traffic Stop,Emmet S,FTY to Pedestrian,Warning,No,No,A,M,21,W,M
9/9/2019,Traffic Stop,570 Edgemont Rd,Expired Registration,Warning,No,No,W,F,75,B,M
9/11/2019,Traffic Stop,Lane Rd at Crispell,Defective Equipment,Warning,No,No,W,F,70,W,M
Date,Type,Location,Reason for Stop,Dispostion,"Search
Conducted?",Tow?,Race,Sex,Age,Ofc. Race,Ofc. Sex
9/11/2019,Traffic Stop,University Ave,FTY to Pedestrian,Warning,No,No,W,M,30,B,M
9/12/2019,Traffic Stop,JPA,Expired Registration,Warning,No,No,B,F,23,W,M
9/12/2019,Traffic Stop,JPA at Lee,Fail to obey light,Warning,No,No,W,F,19,W,M
9/13/2019,Traffic Stop,University at Emmet S,No Headlights,Warning,No,No,I,F,20,W,M
9/16/2019,Traffic Stop,Alderman at Twyman,No Headlights,Warning,No,No,B,F,23,W,M
9/16/2019,Traffic Stop,Arlington at Millmont,Fail to obey sign,Warning,No,No,W,M,22,W,M
9/17/2019,Traffic Stop,Emmet St/Sprigg Ln,No Headlights,Warning,No,No,W,F,20,W,M
9/17/2019,Traffic Stop,McCormick/Poe Alley,Speeding,Warning,No,No,W,F,19,W,M
9/17/2019,Traffic Stop,155 Rugby Rd,No Headlights,Warning,No,No,A,M,20,W,M
9/17/2019,Traffic Stop,2401 Arlington,Fail to obey sign,Warning,No,No,W,M,61,W,M
9/17/2019,Traffic Stop,204 Emmet St,Fail to obey sign,Warning,No,No,W,F,76,W,M
9/18/2019,Traffic Stop,Lambeth Ln,Riding scooter on sidewalk,Warning,No,No,W,F,21,W,M
9/18/2019,Traffic Stop,2400 Arlington Blvd,Fail to obey sign,Warning,No,No,W,F,24,B,M
9/18/2019,Traffic Stop,Massie at Arlington,Expired Registration,Warning,No,No,W,F,31,B,M
9/18/2019,Traffic Stop,Ivy Rd at Emmet S,Right on red,Warning,No,No,B,F,21,W,M
9/20/2019,Traffic Stop,Emmet St S,No Headlights,Warning,No,No,A,F,23,W,M
9/20/2019,Traffic Stop,McCormick/Alderman,Expired Registration,Warning,No,No,B,M,21,W,M
9/21/2019,Traffic Stop,1517 University,No helmet on moped,Warning,No,No,W,M,33,W,M
9/22/2019,Traffic Stop,440 McCormick,No Headlights,Warning,No,No,W,M,38,W,M
9/22/2019,Traffic Stop,440 McCormick,No right on red,Warning,No,No,A,M,35,W,M
9/22/2019,Traffic Stop,382 McCormick,Speeding,Warning,No,No,W,F,20,W,M
9/23/2019,Traffic Stop,136 University Gardens,No Headlights,Warning,No,No,W,M,29,W,M
9/23/2019,Traffic Stop,211 Emmet St,No Registration,Warning,No,No,W,M,19,B,M
9/24/2019,Traffic Stop,Crispell Dr,No Headlights,Warning,No,No,W,M,24,B,M
9/24/2019,Traffic Stop,1936 Arlington,Expired Registration,Warning,No,No,W,M,69,B,M
9/25/2019,Traffic Stop,248 McCormick,No Headlights,Warning,No,No,A,M,26,W,M
9/25/2019,Traffic Stop,941 Emmet St,Speeding,Warning,No,No,W,F,59,W,M
9/27/2019,Traffic Stop,Lee at 11th St,Fail to obey sign,Warning,No,No,unk,unk,unk,B,M
9/27/2019,Traffic Stop,Emmet St/Lambeth,Fail to obey light,Warning,No,No,A,F,22,W,M
9/27/2019,Traffic Stop,1035 Emmet St,No Headlights,Warning,No,No,B,M,31,W,M
9/27/2019,Traffic Stop,1027 Emmet St,No Headlights,Warning,No,No,B,M,19,W,M
9/28/2019,Traffic Stop,853 W. Main St,Right on red,Warning,No,No,B,M,40,W,F
9/28/2019,Traffic Stop,Roosevelt Brown,No Headlights,Warning,No,No,W,F,56,B,M
9/28/2019,Traffic Stop,1210 Lee St,Fail to obey sign,Warning,No,No,W,F,36,B,M
9/28/2019,Traffic Stop,McCormick at Alderman,Fail to obey sign,Warning,No,No,W,M,30,W,M
9/28/2019,Traffic Stop,Emmet/Ivy,Fail to obey sign,Warning,No,No,W,F,24,W,M
9/30/2019,Traffic Stop,440 McCormick,No Headlights,Warning,No,No,A,F,21,W,M
9/30/2019,Traffic Stop,Lane Rd at Crispell,Expired Registration,Warning,No,No,W,F,53,W,M
10/1/2019,Traffic Stop,Roosevelt Brown,Fail to obey sign,Warning,No,No,W,F,31,W,M
Date,Type,Location,Reason for Stop,Dispostion,"Search
Conducted?",Tow?,Race,Sex,Age,Ofc. Race,Ofc. Sex
10/1/2019,Traffic Stop,941 Emmet St,No Headlights,Warning,No,No,W,M,20,W,M
10/1/2019,Traffic Stop,Massie at Farrish,No Headlights,Warning,No,No,W,F,20,W,M
10/2/2019,Traffic Stop,S. Emmet at Stadium,No Headlights,Warning,No,No,O,M,29,B,M
10/2/2019,Traffic Stop,University Ave,No Headlights,Warning,No,No,W,F,27,W,M
10/3/2019,Traffic Stop,440 McCormick Rd,Fail to yield ROW,Warning,No,No,W,M,20,W,M
10/3/2019,Traffic Stop,145 McCormick,Fail to obey sign,Warning,No,No,B,M,25,W,M
10/3/2019,Traffic Stop,Alderman/Treehouse,Speeding,Warning,No,No,W,F,18,W,M
10/3/2019,Traffic Stop,McCormick at Emmet,No Headlights,Warning,No,No,W,F,20,W,M
10/3/2019,Traffic Stop,McCormick at Alderman,Improper Passing,Warning,No,No,W,M,64,W,M
10/3/2019,Traffic Stop,JPA/Brandon,No Headlights,Warning,No,No,W,F,54,W,M
10/3/2019,Traffic Stop,999 Grove St,red Inspection (Notice of Suspen,Warning,No,No,B,M,51,B,M
10/3/2019,Traffic Stop,2101 Arlington,Fail to obey sign,Warning,No,No,W,F,24,W,M
10/4/2019,Traffic Stop,McCormick at Alderman,Fail to obey light,Warning,No,No,W,M,23,B,M
10/5/2019,Traffic Stop,Emmet at Arlington,Speeding,Warning,No,No,A,M,28,W,M
10/5/2019,Traffic Stop,130 Culbreth Rd,Fail to obey sign,Warning,No,No,W,M,24,W,M
10/5/2019,Traffic Stop,Alderman at Ivy,Expired Registration,Warning,No,No,W,M,21,W,M
10/5/2019,Traffic Stop,Rugby at Grady,No Headlights,Warning,No,No,B,M,22,W,M
10/5/2019,Traffic Stop,2212 Ivy Rd,No Tailight,Warning,No,No,H,M,67,W,M
10/6/2019,Traffic Stop,Alrington at Emmet St,Fail to obey sign,Warning,No,No,B,M,53,W,M
10/6/2019,Traffic Stop,1928 Arlington,Fail to obey sign,Warning,No,No,W,M,26,W,M
10/6/2019,Traffic Stop,1619 University Ave,No Headlights,Warning,No,No,W,F,25,W,M
10/7/2019,Traffic Stop,Alderman Rd,Speeding,Warning,No,No,W,F,18,W,M
10/7/2019,Traffic Stop,Massie Rd,Speeding,Warning,No,No,B,M,22,W,M
10/8/2019,Traffic Stop,McCormick at Bonnycastle,Defective Equipment,Warning,No,No,U,M,63,W,M
10/8/2019,Traffic Stop,McCormick at Bonnycastle,No Headlights,Warning,No,No,W,M,21,W,M
10/8/2019,Traffic Stop,575 Alderman,Speeding,Warning,No,No,W,M,60,B,M
10/8/2019,Traffic Stop,Emmet at Stadium,No Headlights,Warning,No,No,A,M,20,W,M
10/8/2019,Traffic Stop,500 Blk McCormick,No Headlights,Warning,No,No,W,M,54,W,M
10/8/2019,Traffic Stop,Hereford Dr,Fail to obey sign,Warning,No,No,W,M,53,W,M
10/9/2019,Traffic Stop,Alderman at Maury,Speeding,Warning,No,No,B,M,22,W,M
10/10/2019,Traffic Stop,George Welsh at Alderman,Improper Stopping,Warning,No,No,W,F,20,W,M
10/10/2019,Traffic Stop,Grady at Preston,Expired Registration,Warning,No,No,W,F,58,W,M
10/10/2019,Traffic Stop,Emmet at University,Fail to obey sign,Warning,No,No,W,M,53,W,M
10/10/2019,Traffic Stop,McCormick at McCormick,Speeding,Warning,No,No,B,M,22,W,M
10/10/2019,Traffic Stop,Alderman at Stadium,Fail to obey sign,Warning,No,No,W,F,24,W,M
10/10/2019,Traffic Stop,Alderman at McCormick,Fail to obey light,Warning,No,No,W,F,21,W,M
10/10/2019,Traffic Stop,Massie at Arlington,Fail to obey sign,Warning,No,No,W,F,23,W,M
10/10/2019,Traffic Stop,Massie and Copeley,Expired Inspection,Warning,No,No,W,F,40,W,M
10/10/2019,Traffic Stop,Massie at Arlington,Fail to obey sign,Warning,No,No,W,M,46,W,M
Date,Type,Location,Reason for Stop,Dispostion,"Search
Conducted?",Tow?,Race,Sex,Age,Ofc. Race,Ofc. Sex
10/10/2019,Traffic Stop,Massie at Arlington,Fail to obey sign,Warning,No,No,W,M,25,W,M
10/11/2019,Traffic Stop,McCormick at Emmet,Crossed yellow line,Warning,No,No,W,F,22,W,F
10/11/2019,Traffic Stop,248 McCormick,Fail to obey sign,Warning,No,No,W,F,19,B,M
10/12/2019,Traffic Stop,400 Brandon Ave,Expired Registration,Warning,No,No,A,M,23,B,M
10/13/2019,Traffic Stop,400 Emmet St,Speeding,Warning,No,No,W,M,21,B,M
10/14/2019,Traffic Stop,Alderman at Treehouse,Improper Stopping,Warning,No,No,A,M,21,W,M
10/14/2019,Traffic Stop,McCormick at Hancock,Improper Stopping,Warning,No,No,W,M,23,W,M
10/14/2019,Traffic Stop,Alderman at Treehouse,Fail to obey sign,Warning,No,No,B,M,27,W,M
10/15/2019,Traffic Stop,14th at Wertland,Improper Stopping,Warning,No,No,W,F,20,W,M
10/15/2019,Traffic Stop,Massie at Farrish,Moped pass w/o helmet,Warning,No,No,W,M,19,W,M
10/15/2019,Traffic Stop,1815 Stadium Rd,No Headlights,Warning,No,No,W,M,33,W,M
10/16/2019,Traffic Stop,1100 W. Main,No Headlights,Warning,No,No,W,M,28,W,M
10/16/2019,Traffic Stop,Brandon at JPA,Improper Driving,Warning,No,No,W,M,40,W,F
10/16/2019,Traffic Stop,1001 Emmet St,No Headlights,Warning,No,No,B,M,29,B,M
10/16/2019,Traffic Stop,Crispell/Lee,Defective Equipment,Warning,No,No,B,F,37,W,M
10/16/2019,Traffic Stop,1619 University Ave,No Headlights,Warning,No,No,W,F,19,W,M
10/16/2019,Traffic Stop,14th at University,Fail to obey light,Warning,No,No,W,M,30,W,M
10/16/2019,Traffic Stop,Alderman at Pratt,No Headlights,Warning,No,No,W,M,22,W,M
10/16/2019,Traffic Stop,W.Main at Roosevelt Brown,Fail to obey sign,Warning,No,No,B,F,35,B,M
10/16/2019,Traffic Stop,530 McCormick Rd,Fail to obey sign,Warning,No,No,W,M,19,B,M
10/16/2019,Traffic Stop,W.Main at Roosevelt Brown,Fail to obey sign,Warning,No,No,W,M,71,B,M
10/17/2019,Traffic Stop,JPA at Lane,No Helmet,Warning,No,No,W,M,21,W,M
10/17/2019,Traffic Stop,14th at Gordon,Fail to obey sign,Warning,No,No,W,M,55,W,F
10/17/2019,Traffic Stop,450 Whitehead,Fail to obey sign,Warning,No,No,W,F,35,B,M
10/18/2019,Traffic Stop,McCormick at Bonnycastle,Improper Stopping,Warning,No,No,W,F,35,W,M
10/18/2019,Traffic Stop,University ave at Newcomb,Defective Equipment,Warning,No,No,W,F,42,W,M
10/18/2019,Traffic Stop,Arlington at Massie,Fail to obey sign,Warning,No,No,W,M,53,W,M
10/18/2019,Traffic Stop,Alderman Rd,Speeding,Warning,No,No,B,M,19,W,M
10/18/2019,Traffic Stop,UVA Cemetary,Expired Registration,Warning,No,No,W,M,32,W,M
10/18/2019,Traffic Stop,McCormick/Alderman,Expired Inspection,Warning,No,No,H,M,32,W,M
10/19/2019,Traffic Stop,Emmet St at Stadium,No Headlights,Warning,No,No,H,F,24,W,M
10/19/2019,Traffic Stop,1619 University Ave,Improper Stopping,Warning,No,No,W,M,50,W,M
10/19/2019,Traffic Stop,Arlington at Massie,Fail to obey sign,Warning,No,No,W,M,53,W,M
10/20/2019,Traffic Stop,Ivy Rd,Expired Inspection,Warning,No,No,W,M,47,W,M
10/20/2019,Traffic Stop,Massie at Arlington,Fail to obey sign,Warning,No,No,W,M,20,W,M
10/20/2019,Traffic Stop,Massie at Arlington,Fail to obey sign,Warning,No,No,W,M,20,W,M
10/21/2019,Traffic Stop,Alderman at Thomson,No Headlights,Warning,No,No,W,M,20,W,M
10/21/2019,Traffic Stop,McCormick at Hancock,No Headlights,Warning,No,No,W,M,18,W,M
10/21/2019,Traffic Stop,Ivy at Colonnade,Improper Lane Change,Warning,No,No,B,M,50,W,F
Date,Type,Location,Reason for Stop,Dispostion,"Search
Conducted?",Tow?,Race,Sex,Age,Ofc. Race,Ofc. Sex
10/21/2019,Traffic Stop,McCormick Rd,Speeding,Warning,No,No,W,F,19,B,M
10/21/2019,Traffic Stop,McCormick at University,Right on red,Warning,No,No,W,F,39,B,M
10/21/2019,Traffic Stop,11th St,Expired Registration,Warning,No,No,W,F,57,B,M
10/23/2019,Traffic Stop,Massie at Copeley,Defective Equipment,Warning,No,No,B,F,21,W,M
10/23/2019,Traffic Stop,1815 Stadium Rd,No Headlights,Warning,No,No,A,M,23,W,M
10/23/2019,Traffic Stop,Whitehead at Alderman,Fail to obey sign,Warning,No,No,B,F,48,W,M
10/24/2019,Traffic Stop,Faulkner Way/Massie,Defective Equipment,Warning,No,No,A,M,28,W,M
10/25/2019,Traffic Stop,Old Ivy at Ivy,No Headlights,Warning,No,No,A,F,28,W,M
10/25/2019,Traffic Stop,University at Hospital,FTY Right of Way,Warning,No,No,W,F,20,W,M
10/25/2019,Traffic Stop,Massie Rd,Bike ran red light,Warning,No,No,A,M,20,W,M
10/26/2019,Traffic Stop,McCormick/Bonnycastle,Speeding,Warning,No,No,W,F,21,B,M
10/26/2019,Traffic Stop,Emmet St,Expired Inspection,Warning,No,No,B,M,26,B,M
10/28/2019,Traffic Stop,McCormick at Alderman,Defective Equipment,Warning,No,No,B,M,32,W,M
10/29/2019,Traffic Stop,1619 University Ave,il to obey markings/defective eq,Warning,No,No,B,M,27,W,M
10/29/2019,Traffic Stop,Alderman at Treehouse,Speeding,Warning,No,No,W,F,24,W,M
10/29/2019,Traffic Stop,Alderman at Treehouse,Speeding,Warning,No,No,W,F,18,W,M
10/29/2019,Traffic Stop,Stadium at Emmet,No Headlights,Warning,No,No,W,F,22,W,M
10/29/2019,Traffic Stop,Ivy at Alderman,Fail to obey sign,Warning,No,No,W,F,32,W,M
10/29/2019,Traffic Stop,2420 Arlington,Fail to obey sign,Warning,No,No,A,F,30,W,M
10/30/2019,Traffic Stop,210 Emmet St,"ing too close, improper passing,",Warning,No,No,W,F,22,B,M
10/30/2019,Traffic Stop,395 McCormick,Fail to obey sign,Warning,No,No,W,F,27,B,M
10/30/2019,Traffic Stop,2117 Ivy Rd,Fail to obey sign,Warning,No,No,W,M,49,B,M
10/31/2019,Traffic Stop,Ivy at 7-11,Fail to obey sign,Warning,No,No,B,M,42,B,M
10/31/2019,Traffic Stop,Hereford at McCormick,Fail to obey sign,Warning,No,No,W,F,27,W,M
10/31/2019,Traffic Stop,Rugby Rd,Fail to obey sign,Warning,No,No,W,M,36,W,M
10/31/2019,Traffic Stop,Chancellor at University,FTY Right of Way,Warning,No,No,W,M,26,W,M
11/1/2019,Traffic Stop,Alderman Rd,Moped pass w/o helmet,Warning,No,No,W,M,18,W,M
11/2/2019,Traffic Stop,Newcomb at McCormick,Speeding,Warning,No,No,A,F,22,W,M
11/2/2019,Traffic Stop,Alderman at Copeley,Expired Registration,Warning,No,No,A,M,26,W,M
11/2/2019,Traffic Stop,Ivy at Alderman,Improper Display,Warning,No,No,A,M,26,W,M
11/2/2019,Traffic Stop,Newcomb Rd,Fail to obey sign,Warning,No,No,A,F,22,B,M
11/2/2019,Traffic Stop,Rugby at University,Fail  to obey sign,Warning,No,No,W,F,20,B,M
11/3/2019,Traffic Stop,McCormick Rd,Speeding,Warning,No,No,W,F,64,W,M
11/4/2019,Traffic Stop,Lambeth at Rugby,Driving on sidewalk,Warning,No,No,W,F,20,W,M
11/4/2019,Traffic Stop,Alderman at Minor,Expired Inspection/no headlights,Warning,No,No,W,F,38,B,M
11/4/2019,Traffic Stop,University at Culbreth,FTY Right of Way,Warning,No,No,W,M,34,W,M
11/4/2019,Traffic Stop,11 W. Main St,Expired Registration,Warning,No,No,W,M,23,B,M
11/5/2019,Traffic Stop,Newcomb at University,No Headlights,Warning,No,No,B,F,48,W,M
11/5/2019,Traffic Stop,155 Rugby,No Headlights,Warning,No,No,U,M,19,W,M
Date,Type,Location,Reason for Stop,Dispostion,"Search
Conducted?",Tow?,Race,Sex,Age,Ofc. Race,Ofc. Sex
11/5/2019,Traffic Stop,Lambeth at University Way,Driving on sidewalk,Warning,No,No,W,M,21,W,M
11/5/2019,Traffic Stop,McCormick at Emmet,unk,Warning,No,No,unk,unk,unk,B,M
11/6/2019,Traffic Stop,400 Emmet St,No Headlights,Warning,No,No,W,F,20,W,M
11/6/2019,Traffic Stop,Emmet at Thompson,Right turn where forbidden,Warning,No,No,B,F,25,W,M
11/7/2019,Traffic Stop,McCormick/Bonnycastle,Expired Registration,Warning,No,No,W,M,23,W,M
11/7/2019,Traffic Stop,180 McCormick,Improper Stopping,Warning,No,No,W,M,63,W,M
11/7/2019,Traffic Stop,14th St at Wertland,No Headlights,Warning,No,No,W,M,19,W,M
11/7/2019,Traffic Stop,McCormick at Alderman,Fail to obey sign,Warning,No,No,H,M,25,B,M
11/8/2019,Traffic Stop,University at Culbreth,No Headlights,Warning,No,No,W,F,19,W,M
11/8/2019,Traffic Stop,2025 Ivy,Fail to obey lane markings,Warning,No,No,W,M,22,W,M
11/9/2019,Traffic Stop,University at McCormick,Fail to obey sign,Warning,No,No,W,F,59,W,M
11/9/2019,Traffic Stop,University at Newcomb,Fail to obey sign,Warning,No,No,W,M,33,W,M
11/9/2019,Traffic Stop,Emmet at Lambeth,Passenger hanging out window,Warning,No,No,B,M,22,W,M
11/9/2019,Traffic Stop,McCormick at Alderman,Fail to obey sign,Warning,No,No,O,M,24,W,M
11/9/2019,Traffic Stop,University at Sprigg,Improper use of lane,Warning,No,No,W,M,65,W,M
11/9/2019,Traffic Stop,Crispell at Monroe,Fail to obey sign,Warning,No,No,A,M,25,W,M
11/9/2019,Traffic Stop,1815 Stadium,No Headlights,Warning,No,No,W,M,20,W,M
11/10/2019,Traffic Stop,445 Rugby,Driving on sidewalk,Warning,No,No,W,F,19,W,M
11/10/2019,Traffic Stop,445 Rugby,Driving on sidewalk,Warning,No,No,W,F,19,W,M
11/10/2019,Traffic Stop,1222 JPA,No Headlights,Warning,No,No,W,M,53,B,M
11/10/2019,Traffic Stop,Emmet at Sprigg,Fail to obey sign,Warning,No,No,W,F,24,W,M
11/11/2019,Traffic Stop,235 McCormick,Improper Stopping,Warning,No,No,A,M,21,W,M
11/12/2019,Traffic Stop,McCormick at Bonnycastle,Improper Stopping,Warning,No,No,W,F,35,W,M
11/12/2019,Traffic Stop,Cameron at Ivy,No Headlights,Warning,No,No,W,F,21,W,M
11/12/2019,Traffic Stop,Alderman at Ivy,Crossed double yellow,Warning,No,No,W,M,25,W,M
11/13/2019,Traffic Stop,235 Hereford,Speeding,Warning,No,No,W,F,51,B,M
11/15/2019,Traffic Stop,W.Main at 11th St,Defective Equipment,Warning,No,No,B,M,34,W,M
11/15/2019,Traffic Stop,McCormick at Hancock,Improper Stopping,Warning,No,No,B,M,32,W,M
11/15/2019,Traffic Stop,300 Massie Rd,illegal U-turn,Warning,No,No,W,M,23,W,M
11/15/2019,Traffic Stop,Alderman at McCormick,Turn right on red,Warning,No,No,W,M,38,B,M
11/16/2019,Traffic Stop,525 McCormick Rd,Fail to obey sign,Warning,No,No,B,F,20,W,M
11/16/2019,Traffic Stop,2000 Ivy Rd,Fail to obey sign,Warning,No,No,B,M,55,W,M
11/16/2019,Traffic Stop,Rugby at Grady,Expired Registration,Warning,No,No,W,M,26,W,M
11/16/2019,Traffic Stop,917 Preston,Expired Registration,Warning,No,No,W,M,48,W,M
11/16/2019,Traffic Stop,250/Leanard Sandridge,illegal U-turn,Warning,No,No,W,F,63,W,M
11/16/2019,Traffic Stop,McCormick at Alderman,unk,Warning,No,No,B,F,29,B,M
11/16/2019,Traffic Stop,John at 14th St,FTY Right of Way,Warning,No,No,W,F,22,B,M
11/16/2019,Traffic Stop,McCormick at Alderman,unk,Warning,No,No,W,F,54,B,M
11/17/2019,Traffic Stop,Newcomb at University,Defective Equipment,Warning,No,No,B,M,22,W,M
Date,Type,Location,Reason for Stop,Dispostion,"Search
Conducted?",Tow?,Race,Sex,Age,Ofc. Race,Ofc. Sex
11/17/2019,Traffic Stop,580 Massie Rd,Expired Registration,Warning,No,No,W,F,27,W,M
11/17/2019,Traffic Stop,University at Culbreth,Ilegal left turn,Warning,No,No,W,M,57,W,M
11/18/2019,Traffic Stop,1404 University Ave,No Headlights,Warning,No,No,W,F,20,W,M
11/18/2019,Traffic Stop,300 Blk McCormick Rd,Fail to obey light,Warning,No,No,W,M,28,B,M
11/19/2019,Traffic Stop,JPA/Lane,Improper Stopping,Warning,No,No,W,M,25,W,M
11/19/2019,Traffic Stop,Alderman at Ivy,Fail to obey lane markings,Warning,No,No,W,M,23,W,F
11/19/2019,Traffic Stop,McCormick at Emmet,Defective Equipment/Texting,Warning,No,No,B,M,25,W,M
11/19/2019,Traffic Stop,University/Chancellor,Trade Dress Violation,Warning,No,No,W,M,40,W,M
11/20/2019,Traffic Stop,McCormick at Alderman,Right on red,Warning,No,No,B,M,40,W,M
11/20/2019,Traffic Stop,UPD,Defective Break Light,Warning,No,No,B,M,30,W,M
11/21/2019,Traffic Stop,Monroe at JPA,Fail to obey sign,Warning,No,No,B,M,52,W,M
11/21/2019,Traffic Stop,W.Main at 11th St,Defective Equipment,Warning,No,No,W,F,28,W,M
11/21/2019,Traffic Stop,JPA at Lee St,No Headlights,Warning,No,No,W,F,20,W,M
11/21/2019,Traffic Stop,JPA at Ruppel,No Headlights,Warning,No,No,A,M,22,W,M
11/21/2019,Traffic Stop,109 Culbreth,Improper Stopping,Warning,No,No,W,F,20,W,M
11/21/2019,Traffic Stop,Emmet St,Driver crossed over lane,Warning,No,No,W,F,35,B,M
11/23/2019,Traffic Stop,1200 W. Main St,Wrong way one way,Warning,No,No,W,M,29,W,M
11/23/2019,Traffic Stop,Massie Rd,No Headlights,Warning,No,No,I,M,28,W,M
11/23/2019,Traffic Stop,601 Preseton,Fail to obey light,Warning,No,No,W,M,59,W,M
11/24/2019,Traffic Stop,University at Chancellor,Improper Stopping,Warning,No,No,W,F,67,W,M
11/24/2019,Traffic Stop,Lambeth Commons,No Headlights,Warning,No,No,W,M,21,W,M
11/25/2019,Traffic Stop,Lee St at Crispell,Fail to obey sign,Warning,No,No,B,M,54,W,M
11/26/2019,Traffic Stop,Lee St at Roosevelt,Fail to obey sign,Warning,No,No,B,F,21,W,M
11/26/2019,Traffic Stop,JPA,Defective Equipment,Warning,No,No,W,M,27,W,M
11/26/2019,Traffic Stop,Massie at Farrish,Expired Inspection,Warning,No,No,W,F,25,W,M
11/27/2019,Traffic Stop,210 Emmet St,Fail to obey sign,Warning,No,No,W,M,63,W,M
11/29/2019,Traffic Stop,McCormick at Alderman,Impropper Stopping,Warning,No,No,B,M,59,W,M
11/29/2019,Traffic Stop,1827 University Ave,Impropper Stopping,Warning,No,No,B,M,32,W,M
11/29/2019,Traffic Stop,1210 Lee St,Fail to obey sign,Warning,No,No,W,F,42,W,M
11/29/2019,Traffic Stop,Grove St at Roosevelt,Fail to obey sign,Warning,No,No,W,M,31,W,M
11/30/2019,Traffic Stop,McCormick Rd,Speeding,Warning,No,No,W,M,21,W,M
12/1/2019,Traffic Stop,1619 University Ave,Expired Registration,Warning,No,No,W,M,19,W,M
12/1/2019,Traffic Stop,415 9th St,No Headlights,Warning,No,No,W,F,23,W,M
12/1/2019,Traffic Stop,1329 W. Main St,Healight Out,Warning,No,No,W,M,20,W,M
12/1/2019,Traffic Stop,121 Maury Ave,Fail to obey sign,Warning,No,No,A,M,21,W,M
12/1/2019,Traffic Stop,117 11th St,No Headlights,Warning,No,No,W,F,19,W,M
12/1/2019,Traffic Stop,901 Emmet St,No front license plate,Warning,No,No,B,F,20,W,M
12/2/2019,Traffic Stop,2400 Ivy Rd,FTY Right Away,Warning,No,No,W,M,27,W,M
12/3/2019,Traffic Stop,Ivy at Alderman,Speeding,Warning,No,No,B,M,31,W,M
Date,Type,Location,Reason for Stop,Dispostion,"Search
Conducted?",Tow?,Race,Sex,Age,Ofc. Race,Ofc. Sex
12/3/2019,Traffic Stop,McCormick Rd,Speeding,Warning,No,No,A,M,21,W,M
12/3/2019,Traffic Stop,210 Emmet St,Right on red,Warning,No,No,W,M,45,B,M
12/4/2019,Traffic Stop,14th at Wertland,No Headlights,Warning,No,No,W,F,20,W,M
12/4/2019,Traffic Stop,University at Rugby,Improper Display,Warning,No,No,W,M,20,W,M
12/4/2019,Traffic Stop,University at Chancellor,Helmet law violation,Warning,No,No,W,F,20,W,M
12/4/2019,Traffic Stop,200 15th St,No Headlights,Warning,No,No,W,M,19,W,M
12/4/2019,Traffic Stop,Alderman at Whitehead,No Headlights,Warning,No,No,A,F,18,W,M
12/4/2019,Traffic Stop,Millmont at Arlington,Fail to obey light,Warning,No,No,W,F,23,B,M
12/5/2019,Traffic Stop,Emmet at Sprigg,Unlawful Lighting,Warning,No,No,W,F,41,W,M
12/6/2019,Traffic Stop,1035 Millmont,Expired Inspection,Warning,No,No,W,M,43,B,M
12/6/2019,Traffic Stop,160 McCormick,Fail to obey sign,Warning,No,No,B,M,86,B,M
12/7/2019,Traffic Stop,Ivy Rd at Golf Course Dr,Speeding,Warning,No,No,W,F,58,W,M
12/7/2019,Traffic Stop,Emmet St N,No Headlights,Warning,No,No,W,F,20,W,M
12/7/2019,Traffic Stop,2025 Ivy Rd,Expired Registration,Warning,No,No,W,F,40,B,M
12/8/2019,Traffic Stop,2304 Ivy,No Headlights,Warning,No,No,W,M,24,W,M
12/8/2019,Traffic Stop,Alderman At Treehouse,Expired Inspection,Warning,No,No,W,F,39,B,M
12/9/2019,Traffic Stop,Massie at Darden,No Headlights,Warning,No,No,W,F,35,W,M
12/9/2019,Traffic Stop,160 McCormick,Illegal left turn,Warning,No,No,B,F,21,W,M
12/9/2019,Traffic Stop,Arlington at Millmont,Fail to obey sign,Warning,No,No,A,F,26,W,M
12/9/2019,Traffic Stop,1401 University Ave,No Headlights,Warning,No,No,W,F,39,W,M
12/9/2019,Traffic Stop,W. Main at 10th,No Headlights,Warning,No,No,W,F,28,W,M
12/9/2019,Traffic Stop,Massie at Arlington,Fail to obey sign,Warning,No,No,W,M,35,W,M
12/10/2019,Traffic Stop,941 Emmet St,No Headlights,Warning,No,No,B,F,20,W,M
12/10/2019,Traffic Stop,Wertland at 11th St,No Headlights,Warning,No,No,A,M,35,W,M
12/10/2019,Traffic Stop,Arlington,Fail to obey sign,Warning,No,No,W,M,52,W,M
12/10/2019,Traffic Stop,Arlington,Fail to obey sign,Warning,No,No,W,M,30,W,M
12/10/2019,Traffic Stop,201 Sprigg Ln,Fail to obey sign,Warning,No,No,W,M,58,W,M
12/11/2019,Traffic Stop,JPA/Lane,Fail to obey light,Warning,No,No,B,M,63,W,M
12/11/2019,Traffic Stop,Ivy at Cameron,Illegal lane change,Warning,No,No,W,M,54,B,M
12/12/2019,Traffic Stop,Alderman Rd,No right on red,Warning,No,No,W,F,56,B,M
12/12/2019,Traffic Stop,JPA,No Headlights,Warning,No,No,B,M,54,W,M
12/13/2019,Traffic Stop,McCormick at Hancock,Defective Equipment,Warning,No,No,W,F,55,W,M
12/13/2019,Traffic Stop,1215 Lee St,No Headlights,Warning,No,No,W,M,64,W,M
12/13/2019,Traffic Stop,Virginia Ave at 14th St,Improper Display,Warning,No,No,B,M,30,W,M
12/13/2019,Traffic Stop,University at Rugby,Right on red,Warning,No,No,W,F,65,B,M
12/14/2019,Traffic Stop,Massie Rd,Improper Stopping,Warning,No,No,W,M,60,W,M
12/14/2019,Traffic Stop,1015 Massie Rd,Fail to obey sign,Warning,No,No,W,F,38,W,M
12/14/2019,Traffic Stop,McCormick Rd,Speeding,Warning,No,No,W,M,20,B,M
12/15/2019,Traffic Stop,Emmet at Ivy,Expired Inspection,Warning,No,No,W,M,62,W,M
Date,Type,Location,Reason for Stop,Dispostion,"Search
Conducted?",Tow?,Race,Sex,Age,Ofc. Race,Ofc. Sex
12/15/2019,Traffic Stop,JPA at Lee,Defective Equipment,Warning,No,No,W,M,52,W,M
12/15/2019,Traffic Stop,450 Whitehead,No Headlights,Warning,No,No,W,M,18,W,M
12/15/2019,Traffic Stop,Alderman at Leake,No Headlights,Warning,No,No,W,F,19,W,M
12/15/2019,Traffic Stop,417 Emmet St,Speeding,Warning,No,No,B,F,19,W,M
12/15/2019,Traffic Stop,Media Lot,No Headlights,Warning,No,No,A,M,24,W,M
12/15/2019,Traffic Stop,2025 Ivy Rd,Defective Equipment,Warning,No,No,W,M,20,W,M
12/15/2019,Traffic Stop,Lane Rd,Fail to obey sign,Warning,No,No,W,F,44,W,M
12/15/2019,Traffic Stop,Lee at Crispell,Fail to obey sign,Warning,No,No,W,F,25,W,M
12/15/2019,Traffic Stop,Rugby at Culbreth,Fail to obey sign,Warning,No,No,B,F,20,W,M
12/15/2019,Traffic Stop,Crispell,Expired Registration,Warning,No,No,W,M,46,W,M
12/15/2019,Traffic Stop,Alderman At Treehouse,Right on red,Warning,No,No,W,M,48,B,M
12/16/2019,Traffic Stop,Culbreth at University,No Lic Plate-Moped,Warning,No,No,W,M,35,W,M
12/17/2019,Traffic Stop,Emmet at Arlington,Fail to maintain lane,Warning,No,No,W,M,70,W,M
12/18/2019,Traffic Stop,Lee St,No Headlights,Warning,No,No,W,M,57,W,M
12/18/2019,Traffic Stop,University Ave,Defective Equipment,Warning,No,No,W,M,17,W,M
12/18/2019,Traffic Stop,University Ave,Defective Equipment,Warning,No,No,W,M,24,W,M
12/18/2019,Traffic Stop,Ivy at Rothery,Driving on wrong side,Warning,No,No,W,M,57,W,M
12/18/2019,Traffic Stop,Old Ivy at Ivy,FTY Right Away,Warning,No,No,W,F,31,B,M
12/19/2019,Traffic Stop,Crispell at Lee,Defective Equipment,Warning,No,No,B,F,27,W,M
12/19/2019,Traffic Stop,14th at University,Improper Stopping,Warning,No,No,A,M,32,W,M
12/20/2019,Traffic Stop,JPA at W. Main,Fail to obey sign,Warning,No,No,W,F,59,W,M
12/20/2019,Traffic Stop,1106 W. Main St,Expired Inspection,Warning,No,No,W,M,36,B,M
12/21/2019,Traffic Stop,Carruthers Hall,No Headlights,Warning,No,No,W,F,58,W,M
12/22/2019,Traffic Stop,Emmet at Massie,No Headlights,Warning,No,No,W,M,19,W,M
12/23/2019,Traffic Stop,Emmet St S,Speeding,Warning,No,No,B,M,27,W,M
12/23/2019,Traffic Stop,Massie at Alderman,Fail to obey sign,Warning,No,No,W,M,30,W,M
12/23/2019,Traffic Stop,Massie at Alderman,Fail to obey sign,Warning,No,No,W,F,42,W,M
12/24/2019,Traffic Stop,290 Massie Rd,Expired Inspection,Warning,No,No,W,M,70,W,M
12/24/2019,Traffic Stop,Ivy at Alderman,Burned out headlight,Warning,No,No,W,M,45,W,M
12/24/2019,Traffic Stop,Massie at Arlington,Fail to obey sign,Warning,No,No,B,M,53,W,M
12/24/2019,Traffic Stop,Millmont at Arlington,Expired Registration,Warning,No,No,W,F,71,W,M
12/24/2019,Traffic Stop,Massie at Arlington,Fail to obey sign,Warning,No,No,W,F,77,W,M
12/24/2019,Traffic Stop,Massie at Arlington,Fail to obey sign,Warning,No,No,W,F,40,W,M
12/25/2019,Traffic Stop,McCormick at Emmet,Speeding,Warning,No,No,B,M,28,W,M
12/25/2019,Traffic Stop,Ivy Rd at Reed,Speeding,Warning,No,No,W,M,17,W,M
12/25/2019,Traffic Stop,University at Rugby,No Headlights,Warning,No,No,B,M,30,W,M
12/27/2019,Traffic Stop,1106 W. Main St,Right on red,Warning,No,No,A,F,19,W,M
12/27/2019,Traffic Stop,Alderman at Ivy,Fail to obey sign,Warning,No,No,W,F,52,W,M
12/27/2019,Traffic Stop,Arlington at Massie,Fail to obey sign,Warning,No,No,W,F,92,W,M
Date,Type,Location,Reason for Stop,Dispostion,"Search
Conducted?",Tow?,Race,Sex,Age,Ofc. Race,Ofc. Sex
12/27/2019,Traffic Stop,Arlington at Massie,Fail to obey sign,Warning,No,No,W,F,27,W,M
12/28/2019,Traffic Stop,85 Engineers Way,Defective Equipment,Warning,No,No,A,M,35,W,M
12/29/2019,Traffic Stop,Arlington at Massie,Fail to obey sign,Warning,No,No,W,M,50,W,M
12/31/2019,Traffic Stop,Emmet at Stadium,Speeding,Warning,No,No,B,M,29,W,M